_id,std_year,region,consumption_amount,industry_major_cate,industry_middle_cate
65e912c3bb908e26c803dea3,2020,강원,2870202.292,쇼핑업,관광기념품
65e912c3bb908e26c803dea4,2020,강원,81807152.061,쇼핑업,레저용품쇼핑
65e912c3bb908e26c803dea5,2020,강원,80011803.769,쇼핑업,대형쇼핑몰
65e912c3bb908e26c803dea6,2020,강원,62503.695,쇼핑업,면세점
65e912c3bb908e26c803dea7,2020,강원,29382599.14,숙박업,호텔
65e912c3bb908e26c803dea8,2020,강원,65479280.27,숙박업,콘도
65e912c3bb908e26c803dea9,2020,강원,1605664.157,숙박업,캠핑장/펜션
65e912c3bb908e26c803deaa,2020,강원,53982305.292,숙박업,기타숙박
65e912c3bb908e26c803deab,2020,강원,605122731.823,식음료업,식음료
65e912c3bb908e26c803deac,2020,강원,4308818.679,여가서비스업,관광유원시설
65e912c3bb908e26c803dead,2020,강원,140577359.734,여가서비스업,골프장
65e912c3bb908e26c803deae,2020,강원,4769609.3,여가서비스업,기타레저
65e912c3bb908e26c803deaf,2020,강원,10703202.244,여가서비스업,문화서비스
65e912c3bb908e26c803deb0,2020,강원,3757766.39,여가서비스업,스키장
65e912c3bb908e26c803deb1,2020,강원,1593514.81,여행업,여행업
65e912c3bb908e26c803deb2,2020,강원,168395,운송업,수상운송
65e912c3bb908e26c803deb3,2020,강원,512022.506,운송업,렌터카
65e912c3bb908e26c803deb4,2020,강원,221564.95,운송업,육상운송
65e912c3bb908e26c803deb5,2020,강원,81351.8,운송업,항공운송
65e912c3bb908e26c803deb6,2020,경기,7891396.96,쇼핑업,관광기념품
65e912c3bb908e26c803deb7,2020,경기,452921737.082,쇼핑업,레저용품쇼핑
65e912c3bb908e26c803deb8,2020,경기,2494250947.539,쇼핑업,대형쇼핑몰
65e912c3bb908e26c803deb9,2020,경기,19470.61,쇼핑업,면세점
65e912c3bb908e26c803deba,2020,경기,129520806.5,숙박업,기타숙박
65e912c3bb908e26c803debb,2020,경기,12078688.103,숙박업,호텔
65e912c3bb908e26c803debc,2020,경기,6211342.578,숙박업,콘도
65e912c3bb908e26c803debd,2020,경기,1697941.954,숙박업,캠핑장/펜션
65e912c3bb908e26c803debe,2020,경기,3947409045.354,식음료업,식음료
65e912c3bb908e26c803debf,2020,경기,13165846.888,여가서비스업,관광유원시설
65e912c3bb908e26c803dec0,2020,경기,578362658.791,여가서비스업,골프장
65e912c3bb908e26c803dec1,2020,경기,53696074.96,여가서비스업,기타레저
65e912c3bb908e26c803dec2,2020,경기,58357348.236,여가서비스업,문화서비스
65e912c3bb908e26c803dec3,2020,경기,6814773.259,여가서비스업,스키장
65e912c3bb908e26c803dec4,2020,경기,1469763.6,여행업,여행업
65e912c3bb908e26c803dec5,2020,경기,34754446.57,운송업,렌터카
65e912c3bb908e26c803dec6,2020,경기,64779996.618,운송업,육상운송
65e912c3bb908e26c803dec7,2020,경기,642404.3,운송업,수상운송
65e912c3bb908e26c803dec8,2020,경남,2823943.653,쇼핑업,관광기념품
65e912c3bb908e26c803dec9,2020,경남,118720128.304,쇼핑업,레저용품쇼핑
65e912c3bb908e26c803deca,2020,경남,239424804.592,쇼핑업,대형쇼핑몰
65e912c3bb908e26c803decb,2020,경남,7281.25,쇼핑업,면세점
65e912c3bb908e26c803decc,2020,경남,39376480.736,숙박업,기타숙박
65e912c3bb908e26c803decd,2020,경남,5863768.385,숙박업,호텔
65e912c3bb908e26c803dece,2020,경남,10584417.103,숙박업,콘도
65e912c3bb908e26c803decf,2020,경남,937511.735,숙박업,캠핑장/펜션
65e912c3bb908e26c803ded0,2020,경남,760594921.852,식음료업,식음료
65e912c3bb908e26c803ded1,2020,경남,2447363.191,여가서비스업,관광유원시설
65e912c3bb908e26c803ded2,2020,경남,138280841.525,여가서비스업,골프장
65e912c3bb908e26c803ded3,2020,경남,12129024.433,여가서비스업,기타레저
65e912c3bb908e26c803ded4,2020,경남,6723039.513,여가서비스업,문화서비스
65e912c3bb908e26c803ded5,2020,경남,352778.69,여행업,여행업
65e912c3bb908e26c803ded6,2020,경남,65241.347,운송업,육상운송
65e912c3bb908e26c803ded7,2020,경남,455059.308,운송업,렌터카
65e912c3bb908e26c803ded8,2020,경남,1160814.13,운송업,수상운송
65e912c3bb908e26c803ded9,2020,경남,1196,운송업,항공운송
65e912c3bb908e26c803deda,2020,경북,2239285.476,쇼핑업,관광기념품
65e912c3bb908e26c803dedb,2020,경북,110931242.091,쇼핑업,레저용품쇼핑
65e912c3bb908e26c803dedc,2020,경북,119361395.12,쇼핑업,대형쇼핑몰
65e912c3bb908e26c803dedd,2020,경북,10001673.008,숙박업,호텔
65e912c3bb908e26c803dede,2020,경북,830560.285,숙박업,캠핑장/펜션
65e912c3bb908e26c803dedf,2020,경북,29135520.712,숙박업,기타숙박
65e912c3bb908e26c803dee0,2020,경북,7863988.584,숙박업,콘도
65e912c3bb908e26c803dee1,2020,경북,584407825.071,식음료업,식음료
65e912c3bb908e26c803dee2,2020,경북,1903153.931,여가서비스업,관광유원시설
65e912c3bb908e26c803dee3,2020,경북,131765862.711,여가서비스업,골프장
65e912c3bb908e26c803dee4,2020,경북,9435364.979,여가서비스업,기타레저
65e912c3bb908e26c803dee5,2020,경북,5606695.516,여가서비스업,문화서비스
65e912c3bb908e26c803dee6,2020,경북,232683.1,여행업,여행업
65e912c3bb908e26c803dee7,2020,경북,208732.036,운송업,수상운송
65e912c3bb908e26c803dee8,2020,경북,471078.911,운송업,렌터카
65e912c3bb908e26c803dee9,2020,경북,154795.673,운송업,육상운송
65e912c3bb908e26c803deea,2020,광주,722197.77,쇼핑업,관광기념품
65e912c3bb908e26c803deeb,2020,광주,76410753.451,쇼핑업,레저용품쇼핑
65e912c3bb908e26c803deec,2020,광주,255968593.586,쇼핑업,대형쇼핑몰
65e912c3bb908e26c803deed,2020,광주,1378404.313,숙박업,호텔
65e912c3bb908e26c803deee,2020,광주,15662271.159,숙박업,기타숙박
65e912c3bb908e26c803deef,2020,광주,537,숙박업,캠핑장/펜션
65e912c3bb908e26c803def0,2020,광주,431553031.218,식음료업,식음료
65e912c3bb908e26c803def1,2020,광주,1245671.448,여가서비스업,관광유원시설
65e912c3bb908e26c803def2,2020,광주,14869164.725,여가서비스업,골프장
65e912c3bb908e26c803def3,2020,광주,5288018.9,여가서비스업,기타레저
65e912c3bb908e26c803def4,2020,광주,4112714.195,여가서비스업,문화서비스
65e912c3bb908e26c803def5,2020,광주,168851.55,여행업,여행업
65e912c3bb908e26c803def6,2020,광주,193020.6,운송업,육상운송
65e912c3bb908e26c803def7,2020,광주,405141.899,운송업,렌터카
65e912c3bb908e26c803def8,2020,광주,0,운송업,수상운송
65e912c3bb908e26c803def9,2020,광주,422265.5,운송업,항공운송
65e912c3bb908e26c803defa,2020,대구,1268676.48,쇼핑업,관광기념품
65e912c3bb908e26c803defb,2020,대구,85665616.867,쇼핑업,레저용품쇼핑
65e912c3bb908e26c803defc,2020,대구,532293733.498,쇼핑업,대형쇼핑몰
65e912c3bb908e26c803defd,2020,대구,292887.38,쇼핑업,면세점
65e912c3bb908e26c803defe,2020,대구,8658656.211,숙박업,호텔
65e912c3bb908e26c803deff,2020,대구,20857999.428,숙박업,기타숙박
65e912c3bb908e26c803df00,2020,대구,21912.592,숙박업,캠핑장/펜션
65e912c3bb908e26c803df01,2020,대구,1714,숙박업,콘도
65e912c3bb908e26c803df02,2020,대구,691290295.507,식음료업,식음료
65e912c3bb908e26c803df03,2020,대구,2791116.456,여가서비스업,관광유원시설
65e912c3bb908e26c803df04,2020,대구,27306108.335,여가서비스업,골프장
65e912c3bb908e26c803df05,2020,대구,16040235.248,여가서비스업,기타레저
65e912c3bb908e26c803df06,2020,대구,6052084.777,여가서비스업,문화서비스
65e912c3bb908e26c803df07,2020,대구,1177,여가서비스업,스키장
65e912c3bb908e26c803df08,2020,대구,222945.476,여행업,여행업
65e912c3bb908e26c803df09,2020,대구,455330,운송업,항공운송
65e912c3bb908e26c803df0a,2020,대구,644909.073,운송업,렌터카
65e912c3bb908e26c803df0b,2020,대구,5959,운송업,육상운송
65e912c3bb908e26c803df0c,2020,대전,807569.781,쇼핑업,관광기념품
65e912c3bb908e26c803df0d,2020,대전,31444445.773,쇼핑업,레저용품쇼핑
65e912c3bb908e26c803df0e,2020,대전,239977806.048,쇼핑업,대형쇼핑몰
65e912c3bb908e26c803df0f,2020,대전,3321796.761,숙박업,호텔
65e912c3bb908e26c803df10,2020,대전,6885.5,숙박업,캠핑장/펜션
65e912c3bb908e26c803df11,2020,대전,13864189.591,숙박업,기타숙박
65e912c3bb908e26c803df12,2020,대전,267,숙박업,콘도
65e912c3bb908e26c803df13,2020,대전,382496876.313,식음료업,식음료
65e912c3bb908e26c803df14,2020,대전,10640540.454,여가서비스업,골프장
65e912c3bb908e26c803df15,2020,대전,3992081.616,여가서비스업,기타레저
65e912c3bb908e26c803df16,2020,대전,3367380.235,여가서비스업,문화서비스
65e912c3bb908e26c803df17,2020,대전,726415.738,여가서비스업,관광유원시설
65e912c3bb908e26c803df18,2020,대전,66273.65,여행업,여행업
65e912c3bb908e26c803df19,2020,대전,272141917.5,운송업,육상운송
65e912c3bb908e26c803df1a,2020,대전,334096.81,운송업,렌터카
65e912c3bb908e26c803df1b,2020,부산,6044831.105,쇼핑업,면세점
65e912c3bb908e26c803df1c,2020,부산,2265581.366,쇼핑업,관광기념품
65e912c3bb908e26c803df1d,2020,부산,108102816.483,쇼핑업,레저용품쇼핑
65e912c3bb908e26c803df1e,2020,부산,1000970265.707,쇼핑업,대형쇼핑몰
65e912c3bb908e26c803df1f,2020,부산,39638852.444,숙박업,호텔
65e912c3bb908e26c803df20,2020,부산,6068462.361,숙박업,콘도
65e912c3bb908e26c803df21,2020,부산,44465586.776,숙박업,기타숙박
65e912c3bb908e26c803df22,2020,부산,189860.95,숙박업,캠핑장/펜션
65e912c3bb908e26c803df23,2020,부산,1188686289.851,식음료업,식음료
65e912c3bb908e26c803df24,2020,부산,4542405.903,여가서비스업,관광유원시설
65e912c3bb908e26c803df25,2020,부산,51889431.665,여가서비스업,골프장
65e912c3bb908e26c803df26,2020,부산,16028886.647,여가서비스업,기타레저
65e912c3bb908e26c803df27,2020,부산,8926485.51,여가서비스업,문화서비스
65e912c3bb908e26c803df28,2020,부산,1322057.984,여행업,여행업
65e912c3bb908e26c803df29,2020,부산,2394831.63,운송업,수상운송
65e912c3bb908e26c803df2a,2020,부산,1581694.018,운송업,렌터카
65e912c3bb908e26c803df2b,2020,부산,109522,운송업,육상운송
65e912c3bb908e26c803df2c,2020,부산,20165342.502,운송업,항공운송
65e912c3bb908e26c803df2d,2020,서울,18629838.561,쇼핑업,면세점
65e912c3bb908e26c803df2e,2020,서울,9696355.317,쇼핑업,관광기념품
65e912c3bb908e26c803df2f,2020,서울,454495963.09,쇼핑업,레저용품쇼핑
65e912c3bb908e26c803df30,2020,서울,2430789731.873,쇼핑업,대형쇼핑몰
65e912c3bb908e26c803df31,2020,서울,194811051.89,숙박업,호텔
65e912c3bb908e26c803df32,2020,서울,101813824.083,숙박업,기타숙박
65e912c3bb908e26c803df33,2020,서울,1033354.339,숙박업,콘도
65e912c3bb908e26c803df34,2020,서울,107501.105,숙박업,캠핑장/펜션
65e912c3bb908e26c803df35,2020,서울,5448564142.465,식음료업,식음료
65e912c3bb908e26c803df36,2020,서울,16722265.382,여가서비스업,관광유원시설
65e912c3bb908e26c803df37,2020,서울,98429926.289,여가서비스업,골프장
65e912c3bb908e26c803df38,2020,서울,59002245.624,여가서비스업,기타레저
65e912c3bb908e26c803df39,2020,서울,75899401.139,여가서비스업,문화서비스
65e912c3bb908e26c803df3a,2020,서울,1522844.053,여가서비스업,스키장
65e912c3bb908e26c803df3b,2020,서울,29937832.396,여행업,여행업
65e912c3bb908e26c803df3c,2020,서울,141193674.601,운송업,항공운송
65e912c3bb908e26c803df3d,2020,서울,10151196.075,운송업,렌터카
65e912c3bb908e26c803df3e,2020,서울,169066684.882,운송업,육상운송
65e912c3bb908e26c803df3f,2020,서울,33815187.761,운송업,수상운송
65e912c3bb908e26c803df40,2020,세종,35664.11,쇼핑업,관광기념품
65e912c3bb908e26c803df41,2020,세종,4864509.797,쇼핑업,레저용품쇼핑
65e912c3bb908e26c803df42,2020,세종,12989119.34,쇼핑업,대형쇼핑몰
65e912c3bb908e26c803df43,2020,세종,1223426.052,숙박업,기타숙박
65e912c3bb908e26c803df44,2020,세종,1385,숙박업,캠핑장/펜션
65e912c3bb908e26c803df45,2020,세종,58848058.987,식음료업,식음료
65e912c3bb908e26c803df46,2020,세종,41490.33,여가서비스업,관광유원시설
65e912c3bb908e26c803df47,2020,세종,8560230.524,여가서비스업,골프장
65e912c3bb908e26c803df48,2020,세종,656603.454,여가서비스업,기타레저
65e912c3bb908e26c803df49,2020,세종,775622.396,여가서비스업,문화서비스
65e912c3bb908e26c803df4a,2020,세종,16924,여행업,여행업
65e912c3bb908e26c803df4b,2020,세종,28070.12,운송업,육상운송
65e912c3bb908e26c803df4c,2020,세종,5393,운송업,렌터카
65e912c3bb908e26c803df4d,2020,울산,15450.4,쇼핑업,면세점
65e912c3bb908e26c803df4e,2020,울산,545066.3,쇼핑업,관광기념품
65e912c3bb908e26c803df4f,2020,울산,34456294.991,쇼핑업,레저용품쇼핑
65e912c3bb908e26c803df50,2020,울산,110712958.196,쇼핑업,대형쇼핑몰
65e912c3bb908e26c803df51,2020,울산,11907467.874,숙박업,기타숙박
65e912c3bb908e26c803df52,2020,울산,3807496.558,숙박업,호텔
65e912c3bb908e26c803df53,2020,울산,5901.9,숙박업,콘도
65e912c3bb908e26c803df54,2020,울산,65855.91,숙박업,캠핑장/펜션
65e912c3bb908e26c803df55,2020,울산,296020203,식음료업,식음료
65e912c3bb908e26c803df56,2020,울산,235382.61,여가서비스업,관광유원시설
65e912c3bb908e26c803df57,2020,울산,22475528.84,여가서비스업,골프장
65e912c3bb908e26c803df58,2020,울산,5120774.187,여가서비스업,기타레저
65e912c3bb908e26c803df59,2020,울산,2238408.208,여가서비스업,문화서비스
65e912c3bb908e26c803df5a,2020,울산,97274.5,여행업,여행업
65e912c3bb908e26c803df5b,2020,울산,53485.7,운송업,육상운송
65e912c3bb908e26c803df5c,2020,울산,311665.937,운송업,렌터카
65e912c3bb908e26c803df5d,2020,울산,68970.5,운송업,항공운송
65e912c3bb908e26c803df5e,2020,울산,3880,운송업,수상운송
65e912c3bb908e26c803df5f,2020,인천,53898095.989,쇼핑업,면세점
65e912c3bb908e26c803df60,2020,인천,1229899.407,쇼핑업,관광기념품
65e912c3bb908e26c803df61,2020,인천,109022534.075,쇼핑업,레저용품쇼핑
65e912c3bb908e26c803df62,2020,인천,374526795.042,쇼핑업,대형쇼핑몰
65e912c3bb908e26c803df63,2020,인천,18223917.507,숙박업,호텔
65e912c3bb908e26c803df64,2020,인천,453305.46,숙박업,캠핑장/펜션
65e912c3bb908e26c803df65,2020,인천,30742787.235,숙박업,기타숙박
65e912c3bb908e26c803df66,2020,인천,227829.28,숙박업,콘도
65e912c3bb908e26c803df67,2020,인천,813773060.836,식음료업,식음료
65e912c3bb908e26c803df68,2020,인천,2176698.136,여가서비스업,관광유원시설
65e912c3bb908e26c803df69,2020,인천,58622198.491,여가서비스업,골프장
65e912c3bb908e26c803df6a,2020,인천,10435832.455,여가서비스업,기타레저
65e912c3bb908e26c803df6b,2020,인천,8832289.239,여가서비스업,문화서비스
65e912c3bb908e26c803df6c,2020,인천,0,여가서비스업,카지노
65e912c3bb908e26c803df6d,2020,인천,417640.86,여행업,여행업
65e912c3bb908e26c803df6e,2020,인천,5286566.835,운송업,수상운송
65e912c3bb908e26c803df6f,2020,인천,7247789.606,운송업,항공운송
65e912c3bb908e26c803df70,2020,인천,668515.941,운송업,렌터카
65e912c3bb908e26c803df71,2020,인천,175993.58,운송업,육상운송
65e912c3bb908e26c803df72,2020,전남,1086849.969,쇼핑업,관광기념품
65e912c3bb908e26c803df73,2020,전남,71301731.975,쇼핑업,레저용품쇼핑
65e912c3bb908e26c803df74,2020,전남,97312844.869,쇼핑업,대형쇼핑몰
65e912c3bb908e26c803df75,2020,전남,97409.48,쇼핑업,면세점
65e912c3bb908e26c803df76,2020,전남,3562324.955,숙박업,호텔
65e912c3bb908e26c803df77,2020,전남,39994341.11,숙박업,기타숙박
65e912c3bb908e26c803df78,2020,전남,8578710.754,숙박업,콘도
65e912c3bb908e26c803df79,2020,전남,594647.925,숙박업,캠핑장/펜션
65e912c3bb908e26c803df7a,2020,전남,459939199.914,식음료업,식음료
65e912c3bb908e26c803df7b,2020,전남,13157333.754,여가서비스업,관광유원시설
65e912c3bb908e26c803df7c,2020,전남,89495314.949,여가서비스업,골프장
65e912c3bb908e26c803df7d,2020,전남,6218955.345,여가서비스업,기타레저
65e912c3bb908e26c803df7e,2020,전남,5256028.083,여가서비스업,문화서비스
65e912c3bb908e26c803df7f,2020,전남,459778.801,여행업,여행업
65e912c3bb908e26c803df80,2020,전남,838046.95,운송업,수상운송
65e912c3bb908e26c803df81,2020,전남,475897.405,운송업,렌터카
65e912c3bb908e26c803df82,2020,전남,93997.7,운송업,항공운송
65e912c3bb908e26c803df83,2020,전남,236535.346,운송업,육상운송
65e912c3bb908e26c803df84,2020,전북,1593641.766,쇼핑업,관광기념품
65e912c3bb908e26c803df85,2020,전북,87707850.125,쇼핑업,레저용품쇼핑
65e912c3bb908e26c803df86,2020,전북,112849796.277,쇼핑업,대형쇼핑몰
65e912c3bb908e26c803df87,2020,전북,0,쇼핑업,면세점
65e912c3bb908e26c803df88,2020,전북,693074.11,숙박업,호텔
65e912c3bb908e26c803df89,2020,전북,22316780.874,숙박업,기타숙박
65e912c3bb908e26c803df8a,2020,전북,8500704.698,숙박업,콘도
65e912c3bb908e26c803df8b,2020,전북,245077.229,숙박업,캠핑장/펜션
65e912c3bb908e26c803df8c,2020,전북,418726252.97,식음료업,식음료
65e912c3bb908e26c803df8d,2020,전북,1051200.719,여가서비스업,관광유원시설
65e912c3bb908e26c803df8e,2020,전북,54489854.598,여가서비스업,골프장
65e912c3bb908e26c803df8f,2020,전북,5284431.253,여가서비스업,기타레저
65e912c3bb908e26c803df90,2020,전북,4551254.966,여가서비스업,문화서비스
65e912c3bb908e26c803df91,2020,전북,84804.04,여행업,여행업
65e912c3bb908e26c803df92,2020,전북,256316.15,운송업,렌터카
65e912c3bb908e26c803df93,2020,전북,4489.08,운송업,수상운송
65e912c3bb908e26c803df94,2020,전북,3283759,운송업,항공운송
65e912c3bb908e26c803df95,2020,전북,36699.691,운송업,육상운송
65e912c3bb908e26c803df96,2020,제주,150961572.171,쇼핑업,면세점
65e912c3bb908e26c803df97,2020,제주,13635831.4,쇼핑업,관광기념품
65e912c3bb908e26c803df98,2020,제주,48477659.5,쇼핑업,레저용품쇼핑
65e912c3bb908e26c803df99,2020,제주,26306429.368,쇼핑업,대형쇼핑몰
65e912c3bb908e26c803df9a,2020,제주,37124174.025,숙박업,호텔
65e912c3bb908e26c803df9b,2020,제주,29984638.354,숙박업,콘도
65e912c3bb908e26c803df9c,2020,제주,497033.147,숙박업,캠핑장/펜션
65e912c3bb908e26c803df9d,2020,제주,31912895.814,숙박업,기타숙박
65e912c3bb908e26c803df9e,2020,제주,352986395.34,식음료업,식음료
65e912c3bb908e26c803df9f,2020,제주,5593704.664,여가서비스업,관광유원시설
65e912c3bb908e26c803dfa0,2020,제주,57481113.109,여가서비스업,골프장
65e912c3bb908e26c803dfa1,2020,제주,4203924.212,여가서비스업,기타레저
65e912c3bb908e26c803dfa2,2020,제주,8298292.465,여가서비스업,문화서비스
65e912c3bb908e26c803dfa3,2020,제주,2247883.332,여행업,여행업
65e912c3bb908e26c803dfa4,2020,제주,2229373.71,운송업,수상운송
65e912c3bb908e26c803dfa5,2020,제주,16697422.551,운송업,항공운송
65e912c3bb908e26c803dfa6,2020,제주,22828705.259,운송업,렌터카
65e912c3bb908e26c803dfa7,2020,제주,117102,운송업,육상운송
65e912c3bb908e26c803dfa8,2020,충남,1127512.221,쇼핑업,관광기념품
65e912c3bb908e26c803dfa9,2020,충남,83932968.699,쇼핑업,레저용품쇼핑
65e912c3bb908e26c803dfaa,2020,충남,174831953.054,쇼핑업,대형쇼핑몰
65e912c3bb908e26c803dfab,2020,충남,2800775.734,숙박업,호텔
65e912c3bb908e26c803dfac,2020,충남,7242133.625,숙박업,콘도
65e912c3bb908e26c803dfad,2020,충남,1089576.605,숙박업,캠핑장/펜션
65e912c3bb908e26c803dfae,2020,충남,29223765.291,숙박업,기타숙박
65e912c3bb908e26c803dfaf,2020,충남,600879800.062,식음료업,식음료
65e912c3bb908e26c803dfb0,2020,충남,1443993.538,여가서비스업,관광유원시설
65e912c3bb908e26c803dfb1,2020,충남,60514482.274,여가서비스업,골프장
65e912c3bb908e26c803dfb2,2020,충남,7863191.713,여가서비스업,기타레저
65e912c3bb908e26c803dfb3,2020,충남,3941468.528,여가서비스업,문화서비스
65e912c3bb908e26c803dfb4,2020,충남,166422.032,여행업,여행업
65e912c3bb908e26c803dfb5,2020,충남,345631.21,운송업,수상운송
65e912c3bb908e26c803dfb6,2020,충남,52548.082,운송업,육상운송
65e912c3bb908e26c803dfb7,2020,충남,0,운송업,항공운송
65e912c3bb908e26c803dfb8,2020,충남,198787.431,운송업,렌터카
65e912c3bb908e26c803dfb9,2020,충북,1475127.858,쇼핑업,관광기념품
65e912c3bb908e26c803dfba,2020,충북,75000994.413,쇼핑업,레저용품쇼핑
65e912c3bb908e26c803dfbb,2020,충북,153105115.232,쇼핑업,대형쇼핑몰
65e912c3bb908e26c803dfbc,2020,충북,69013.68,쇼핑업,면세점
65e912c3bb908e26c803dfbd,2020,충북,176792.44,숙박업,캠핑장/펜션
65e912c3bb908e26c803dfbe,2020,충북,20358565.392,숙박업,기타숙박
65e912c3bb908e26c803dfbf,2020,충북,1651476.561,숙박업,호텔
65e912c3bb908e26c803dfc0,2020,충북,4725427.433,숙박업,콘도
65e912c3bb908e26c803dfc1,2020,충북,492548748.881,식음료업,식음료
65e912c3bb908e26c803dfc2,2020,충북,2069879.273,여가서비스업,관광유원시설
65e912c3bb908e26c803dfc3,2020,충북,119981582.853,여가서비스업,골프장
65e912c3bb908e26c803dfc4,2020,충북,7324643.199,여가서비스업,기타레저
65e912c3bb908e26c803dfc5,2020,충북,4696333.804,여가서비스업,문화서비스
65e912c3bb908e26c803dfc6,2020,충북,132799.8,여행업,여행업
65e912c3bb908e26c803dfc7,2020,충북,258385.237,운송업,렌터카
65e912c3bb908e26c803dfc8,2020,충북,8220.1,운송업,육상운송
65e912c3bb908e26c803dfc9,2020,충북,928652.3,운송업,항공운송
65e912c3bb908e26c803dfca,2020,충북,375370.7,운송업,수상운송
65e912c3bb908e26c803dfcb,2021,강원,3272170.602,쇼핑업,관광기념품
65e912c3bb908e26c803dfcc,2021,강원,78087300.451,쇼핑업,레저용품쇼핑
65e912c3bb908e26c803dfcd,2021,강원,80434747.326,쇼핑업,대형쇼핑몰
65e912c3bb908e26c803dfce,2021,강원,65619.9,쇼핑업,면세점
65e912c3bb908e26c803dfcf,2021,강원,32380676.754,숙박업,호텔
65e912c3bb908e26c803dfd0,2021,강원,74402105.173,숙박업,콘도
65e912c3bb908e26c803dfd1,2021,강원,1687900.362,숙박업,캠핑장/펜션
65e912c3bb908e26c803dfd2,2021,강원,54753396.386,숙박업,기타숙박
65e912c3bb908e26c803dfd3,2021,강원,604777744.941,식음료업,식음료
65e912c3bb908e26c803dfd4,2021,강원,5383753.917,여가서비스업,관광유원시설
65e912c3bb908e26c803dfd5,2021,강원,164627163.643,여가서비스업,골프장
65e912c3bb908e26c803dfd6,2021,강원,5063581.483,여가서비스업,기타레저
65e912c3bb908e26c803dfd7,2021,강원,8709589.4,여가서비스업,문화서비스
65e912c3bb908e26c803dfd8,2021,강원,2817966.63,여가서비스업,스키장
65e912c3bb908e26c803dfd9,2021,강원,1794170.956,여행업,여행업
65e912c3bb908e26c803dfda,2021,강원,195221.4,운송업,수상운송
65e912c3bb908e26c803dfdb,2021,강원,390309.953,운송업,렌터카
65e912c3bb908e26c803dfdc,2021,강원,19189.9,운송업,항공운송
65e912c3bb908e26c803dfdd,2021,강원,305382.187,운송업,육상운송
65e912c3bb908e26c803dfde,2021,경기,9460884.806,쇼핑업,관광기념품
65e912c3bb908e26c803dfdf,2021,경기,477467049.882,쇼핑업,레저용품쇼핑
65e912c3bb908e26c803dfe0,2021,경기,2705802868.192,쇼핑업,대형쇼핑몰
65e912c3bb908e26c803dfe1,2021,경기,2315.4,쇼핑업,면세점
65e912c3bb908e26c803dfe2,2021,경기,127762614.468,숙박업,기타숙박
65e912c3bb908e26c803dfe3,2021,경기,13036449.405,숙박업,호텔
65e912c3bb908e26c803dfe4,2021,경기,5079601.933,숙박업,콘도
65e912c3bb908e26c803dfe5,2021,경기,1933904.612,숙박업,캠핑장/펜션
65e912c3bb908e26c803dfe6,2021,경기,3718739527.558,식음료업,식음료
65e912c3bb908e26c803dfe7,2021,경기,15411827.252,여가서비스업,관광유원시설
65e912c3bb908e26c803dfe8,2021,경기,655430041.061,여가서비스업,골프장
65e912c3bb908e26c803dfe9,2021,경기,50418844.576,여가서비스업,기타레저
65e912c3bb908e26c803dfea,2021,경기,73120010.477,여가서비스업,문화서비스
65e912c3bb908e26c803dfeb,2021,경기,4380676.218,여가서비스업,스키장
65e912c3bb908e26c803dfec,2021,경기,1135097.354,여행업,여행업
65e912c3bb908e26c803dfed,2021,경기,50526711.138,운송업,렌터카
65e912c3bb908e26c803dfee,2021,경기,49290512.124,운송업,육상운송
65e912c3bb908e26c803dfef,2021,경기,814858.71,운송업,수상운송
65e912c3bb908e26c803dff0,2021,경남,3230154.678,쇼핑업,관광기념품
65e912c3bb908e26c803dff1,2021,경남,115386165.3,쇼핑업,레저용품쇼핑
65e912c3bb908e26c803dff2,2021,경남,240039901.383,쇼핑업,대형쇼핑몰
65e912c3bb908e26c803dff3,2021,경남,5821.81,쇼핑업,면세점
65e912c3bb908e26c803dff4,2021,경남,37972865.063,숙박업,기타숙박
65e912c3bb908e26c803dff5,2021,경남,5631682.499,숙박업,호텔
65e912c3bb908e26c803dff6,2021,경남,11193129.44,숙박업,콘도
65e912c3bb908e26c803dff7,2021,경남,1077277.761,숙박업,캠핑장/펜션
65e912c3bb908e26c803dff8,2021,경남,711916555.022,식음료업,식음료
65e912c3bb908e26c803dff9,2021,경남,3089658.881,여가서비스업,관광유원시설
65e912c3bb908e26c803dffa,2021,경남,165959344.336,여가서비스업,골프장
65e912c3bb908e26c803dffb,2021,경남,11300139.178,여가서비스업,기타레저
65e912c3bb908e26c803dffc,2021,경남,7515098.352,여가서비스업,문화서비스
65e912c3bb908e26c803dffd,2021,경남,281068.859,여행업,여행업
65e912c3bb908e26c803dffe,2021,경남,67207.365,운송업,육상운송
65e912c3bb908e26c803dfff,2021,경남,559620.283,운송업,렌터카
65e912c3bb908e26c803e000,2021,경남,1209634.71,운송업,수상운송
65e912c3bb908e26c803e001,2021,경남,2750.4,운송업,항공운송
65e912c3bb908e26c803e002,2021,경북,2980139.671,쇼핑업,관광기념품
65e912c3bb908e26c803e003,2021,경북,109063913.466,쇼핑업,레저용품쇼핑
65e912c3bb908e26c803e004,2021,경북,116805405.045,쇼핑업,대형쇼핑몰
65e912c3bb908e26c803e005,2021,경북,14620015.115,숙박업,호텔
65e912c3bb908e26c803e006,2021,경북,1169144.498,숙박업,캠핑장/펜션
65e912c3bb908e26c803e007,2021,경북,32720632.801,숙박업,기타숙박
65e912c3bb908e26c803e008,2021,경북,10226433.114,숙박업,콘도
65e912c3bb908e26c803e009,2021,경북,622783801.882,식음료업,식음료
65e912c3bb908e26c803e00a,2021,경북,3350725.347,여가서비스업,관광유원시설
65e912c3bb908e26c803e00b,2021,경북,164194477.731,여가서비스업,골프장
65e912c3bb908e26c803e00c,2021,경북,11177078.179,여가서비스업,기타레저
65e912c3bb908e26c803e00d,2021,경북,7424278.086,여가서비스업,문화서비스
65e912c3bb908e26c803e00e,2021,경북,299034.94,여행업,여행업
65e912c3bb908e26c803e00f,2021,경북,268218.9,운송업,수상운송
65e912c3bb908e26c803e010,2021,경북,688225.283,운송업,렌터카
65e912c3bb908e26c803e011,2021,경북,41244.65,운송업,육상운송
65e912c3bb908e26c803e012,2021,광주,774655.096,쇼핑업,관광기념품
65e912c3bb908e26c803e013,2021,광주,79927271.952,쇼핑업,레저용품쇼핑
65e912c3bb908e26c803e014,2021,광주,280789747.055,쇼핑업,대형쇼핑몰
65e912c3bb908e26c803e015,2021,광주,1313115.599,숙박업,호텔
65e912c3bb908e26c803e016,2021,광주,16551797.042,숙박업,기타숙박
65e912c3bb908e26c803e017,2021,광주,880,숙박업,캠핑장/펜션
65e912c3bb908e26c803e018,2021,광주,411498940.288,식음료업,식음료
65e912c3bb908e26c803e019,2021,광주,2404490.28,여가서비스업,관광유원시설
65e912c3bb908e26c803e01a,2021,광주,20289849.306,여가서비스업,골프장
65e912c3bb908e26c803e01b,2021,광주,5499675.435,여가서비스업,기타레저
65e912c3bb908e26c803e01c,2021,광주,4579536.161,여가서비스업,문화서비스
65e912c3bb908e26c803e01d,2021,광주,196473.5,여행업,여행업
65e912c3bb908e26c803e01e,2021,광주,114649,운송업,육상운송
65e912c3bb908e26c803e01f,2021,광주,463772.99,운송업,렌터카
65e912c3bb908e26c803e020,2021,광주,504110.85,운송업,항공운송
65e912c3bb908e26c803e021,2021,대구,1264586.625,쇼핑업,관광기념품
65e912c3bb908e26c803e022,2021,대구,87155545.533,쇼핑업,레저용품쇼핑
65e912c3bb908e26c803e023,2021,대구,614434874.419,쇼핑업,대형쇼핑몰
65e912c3bb908e26c803e024,2021,대구,9688.93,쇼핑업,면세점
65e912c3bb908e26c803e025,2021,대구,9655670.258,숙박업,호텔
65e912c3bb908e26c803e026,2021,대구,22062280.308,숙박업,기타숙박
65e912c3bb908e26c803e027,2021,대구,20176.25,숙박업,캠핑장/펜션
65e912c3bb908e26c803e028,2021,대구,2732,숙박업,콘도
65e912c3bb908e26c803e029,2021,대구,660237163.882,식음료업,식음료
65e912c3bb908e26c803e02a,2021,대구,3104449.879,여가서비스업,관광유원시설
65e912c3bb908e26c803e02b,2021,대구,36664570.698,여가서비스업,골프장
65e912c3bb908e26c803e02c,2021,대구,15604468.449,여가서비스업,기타레저
65e912c3bb908e26c803e02d,2021,대구,6594493.575,여가서비스업,문화서비스
65e912c3bb908e26c803e02e,2021,대구,438,여가서비스업,스키장
65e912c3bb908e26c803e02f,2021,대구,80525.202,여행업,여행업
65e912c3bb908e26c803e030,2021,대구,537854.5,운송업,항공운송
65e912c3bb908e26c803e031,2021,대구,777869.508,운송업,렌터카
65e912c3bb908e26c803e032,2021,대구,13050,운송업,육상운송
65e912c3bb908e26c803e033,2021,대전,891632.573,쇼핑업,관광기념품
65e912c3bb908e26c803e034,2021,대전,26767863.799,쇼핑업,레저용품쇼핑
65e912c3bb908e26c803e035,2021,대전,322346737.67,쇼핑업,대형쇼핑몰
65e912c3bb908e26c803e036,2021,대전,3970780.637,숙박업,호텔
65e912c3bb908e26c803e037,2021,대전,4642.5,숙박업,캠핑장/펜션
65e912c3bb908e26c803e038,2021,대전,13393230.635,숙박업,기타숙박
65e912c3bb908e26c803e039,2021,대전,0,숙박업,콘도
65e912c3bb908e26c803e03a,2021,대전,319821415.629,식음료업,식음료
65e912c3bb908e26c803e03b,2021,대전,1047706.854,여가서비스업,관광유원시설
65e912c3bb908e26c803e03c,2021,대전,11666617.359,여가서비스업,골프장
65e912c3bb908e26c803e03d,2021,대전,2781618.06,여가서비스업,기타레저
65e912c3bb908e26c803e03e,2021,대전,3336662.325,여가서비스업,문화서비스
65e912c3bb908e26c803e03f,2021,대전,27765.3,여행업,여행업
65e912c3bb908e26c803e040,2021,대전,270511942.91,운송업,육상운송
65e912c3bb908e26c803e041,2021,대전,479733.373,운송업,렌터카
65e912c3bb908e26c803e042,2021,대전,2459,운송업,수상운송
65e912c3bb908e26c803e043,2021,부산,1553180.012,쇼핑업,면세점
65e912c3bb908e26c803e044,2021,부산,3135023.495,쇼핑업,관광기념품
65e912c3bb908e26c803e045,2021,부산,95921925.33,쇼핑업,레저용품쇼핑
65e912c3bb908e26c803e046,2021,부산,1000870003.534,쇼핑업,대형쇼핑몰
65e912c3bb908e26c803e047,2021,부산,51454159.721,숙박업,호텔
65e912c3bb908e26c803e048,2021,부산,5426141.312,숙박업,콘도
65e912c3bb908e26c803e049,2021,부산,44214875.994,숙박업,기타숙박
65e912c3bb908e26c803e04a,2021,부산,135063.205,숙박업,캠핑장/펜션
65e912c3bb908e26c803e04b,2021,부산,1095584773.641,식음료업,식음료
65e912c3bb908e26c803e04c,2021,부산,5509785.814,여가서비스업,관광유원시설
65e912c3bb908e26c803e04d,2021,부산,60977081.239,여가서비스업,골프장
65e912c3bb908e26c803e04e,2021,부산,15407999.545,여가서비스업,기타레저
65e912c3bb908e26c803e04f,2021,부산,10564495.598,여가서비스업,문화서비스
65e912c3bb908e26c803e050,2021,부산,958482.008,여행업,여행업
65e912c3bb908e26c803e051,2021,부산,2256369.124,운송업,수상운송
65e912c3bb908e26c803e052,2021,부산,1463010.319,운송업,렌터카
65e912c3bb908e26c803e053,2021,부산,87483.9,운송업,육상운송
65e912c3bb908e26c803e054,2021,부산,27307221.34,운송업,항공운송
65e912c3bb908e26c803e055,2021,서울,20822909.118,쇼핑업,면세점
65e912c3bb908e26c803e056,2021,서울,11503293.95,쇼핑업,관광기념품
65e912c3bb908e26c803e057,2021,서울,459855110.057,쇼핑업,레저용품쇼핑
65e912c3bb908e26c803e058,2021,서울,2652284960.803,쇼핑업,대형쇼핑몰
65e912c3bb908e26c803e059,2021,서울,212943871.976,숙박업,호텔
65e912c3bb908e26c803e05a,2021,서울,109176090.221,숙박업,기타숙박
65e912c3bb908e26c803e05b,2021,서울,1157770.586,숙박업,콘도
65e912c3bb908e26c803e05c,2021,서울,41548.496,숙박업,캠핑장/펜션
65e912c3bb908e26c803e05d,2021,서울,5005889755.027,식음료업,식음료
65e912c3bb908e26c803e05e,2021,서울,26923349.295,여가서비스업,관광유원시설
65e912c3bb908e26c803e05f,2021,서울,114807741.625,여가서비스업,골프장
65e912c3bb908e26c803e060,2021,서울,51470588.271,여가서비스업,기타레저
65e912c3bb908e26c803e061,2021,서울,97690938.096,여가서비스업,문화서비스
65e912c3bb908e26c803e062,2021,서울,1394785.103,여가서비스업,스키장
65e912c3bb908e26c803e063,2021,서울,14741024.65,여행업,여행업
65e912c3bb908e26c803e064,2021,서울,128880808.487,운송업,항공운송
65e912c3bb908e26c803e065,2021,서울,7276663.742,운송업,렌터카
65e912c3bb908e26c803e066,2021,서울,188820820.77,운송업,육상운송
65e912c3bb908e26c803e067,2021,서울,39355360.227,운송업,수상운송
65e912c3bb908e26c803e068,2021,세종,39173.94,쇼핑업,관광기념품
65e912c3bb908e26c803e069,2021,세종,5566453.204,쇼핑업,레저용품쇼핑
65e912c3bb908e26c803e06a,2021,세종,11385211.29,쇼핑업,대형쇼핑몰
65e912c3bb908e26c803e06b,2021,세종,1922546.867,숙박업,기타숙박
65e912c3bb908e26c803e06c,2021,세종,2681,숙박업,캠핑장/펜션
65e912c3bb908e26c803e06d,2021,세종,59479157.964,식음료업,식음료
65e912c3bb908e26c803e06e,2021,세종,68957.21,여가서비스업,관광유원시설
65e912c3bb908e26c803e06f,2021,세종,10520947.845,여가서비스업,골프장
65e912c3bb908e26c803e070,2021,세종,819183.623,여가서비스업,기타레저
65e912c3bb908e26c803e071,2021,세종,893244.09,여가서비스업,문화서비스
65e912c3bb908e26c803e072,2021,세종,25.5,여행업,여행업
65e912c3bb908e26c803e073,2021,세종,7253.96,운송업,육상운송
65e912c3bb908e26c803e074,2021,세종,7639,운송업,렌터카
65e912c3bb908e26c803e075,2021,울산,561572.381,쇼핑업,관광기념품
65e912c3bb908e26c803e076,2021,울산,34840411.372,쇼핑업,레저용품쇼핑
65e912c3bb908e26c803e077,2021,울산,107011829.339,쇼핑업,대형쇼핑몰
65e912c3bb908e26c803e078,2021,울산,434,쇼핑업,면세점
65e912c3bb908e26c803e079,2021,울산,11527198.199,숙박업,기타숙박
65e912c3bb908e26c803e07a,2021,울산,4086653.218,숙박업,호텔
65e912c3bb908e26c803e07b,2021,울산,8474,숙박업,콘도
65e912c3bb908e26c803e07c,2021,울산,61850.02,숙박업,캠핑장/펜션
65e912c3bb908e26c803e07d,2021,울산,270208639.711,식음료업,식음료
65e912c3bb908e26c803e07e,2021,울산,339723.44,여가서비스업,관광유원시설
65e912c3bb908e26c803e07f,2021,울산,27257465.628,여가서비스업,골프장
65e912c3bb908e26c803e080,2021,울산,4383641.857,여가서비스업,기타레저
65e912c3bb908e26c803e081,2021,울산,2251720.097,여가서비스업,문화서비스
65e912c3bb908e26c803e082,2021,울산,55562.558,여행업,여행업
65e912c3bb908e26c803e083,2021,울산,41347.02,운송업,육상운송
65e912c3bb908e26c803e084,2021,울산,14829,운송업,수상운송
65e912c3bb908e26c803e085,2021,울산,380997.752,운송업,렌터카
65e912c3bb908e26c803e086,2021,울산,93044.3,운송업,항공운송
65e912c3bb908e26c803e087,2021,인천,21128375.476,쇼핑업,면세점
65e912c3bb908e26c803e088,2021,인천,1309993.282,쇼핑업,관광기념품
65e912c3bb908e26c803e089,2021,인천,102721728.485,쇼핑업,레저용품쇼핑
65e912c3bb908e26c803e08a,2021,인천,376884652.449,쇼핑업,대형쇼핑몰
65e912c3bb908e26c803e08b,2021,인천,22862458.53,숙박업,호텔
65e912c3bb908e26c803e08c,2021,인천,519142.015,숙박업,콘도
65e912c3bb908e26c803e08d,2021,인천,474341.846,숙박업,캠핑장/펜션
65e912c3bb908e26c803e08e,2021,인천,29158423.645,숙박업,기타숙박
65e912c3bb908e26c803e08f,2021,인천,718840055.483,식음료업,식음료
65e912c3bb908e26c803e090,2021,인천,3194990.73,여가서비스업,관광유원시설
65e912c3bb908e26c803e091,2021,인천,64189256.577,여가서비스업,골프장
65e912c3bb908e26c803e092,2021,인천,10383147.162,여가서비스업,기타레저
65e912c3bb908e26c803e093,2021,인천,8493472.871,여가서비스업,문화서비스
65e912c3bb908e26c803e094,2021,인천,327044.136,여행업,여행업
65e912c3bb908e26c803e095,2021,인천,5164704.306,운송업,수상운송
65e912c3bb908e26c803e096,2021,인천,9536038.092,운송업,항공운송
65e912c3bb908e26c803e097,2021,인천,522184.304,운송업,렌터카
65e912c3bb908e26c803e098,2021,인천,83094.75,운송업,육상운송
65e912c3bb908e26c803e099,2021,전남,1770498.353,쇼핑업,관광기념품
65e912c3bb908e26c803e09a,2021,전남,70110492.838,쇼핑업,레저용품쇼핑
65e912c3bb908e26c803e09b,2021,전남,94113663.902,쇼핑업,대형쇼핑몰
65e912c3bb908e26c803e09c,2021,전남,0,쇼핑업,면세점
65e912c3bb908e26c803e09d,2021,전남,4369800.461,숙박업,호텔
65e912c3bb908e26c803e09e,2021,전남,44738274.977,숙박업,기타숙박
65e912c3bb908e26c803e09f,2021,전남,8896730.056,숙박업,콘도
65e912c3bb908e26c803e0a0,2021,전남,633035.059,숙박업,캠핑장/펜션
65e912c3bb908e26c803e0a1,2021,전남,460007303.788,식음료업,식음료
65e912c3bb908e26c803e0a2,2021,전남,13835994.202,여가서비스업,관광유원시설
65e912c3bb908e26c803e0a3,2021,전남,110895649.584,여가서비스업,골프장
65e912c3bb908e26c803e0a4,2021,전남,5350770.996,여가서비스업,기타레저
65e912c3bb908e26c803e0a5,2021,전남,6835302.525,여가서비스업,문화서비스
65e912c3bb908e26c803e0a6,2021,전남,473783.702,여행업,여행업
65e912c3bb908e26c803e0a7,2021,전남,565755.437,운송업,렌터카
65e912c3bb908e26c803e0a8,2021,전남,539859.246,운송업,수상운송
65e912c3bb908e26c803e0a9,2021,전남,131314.1,운송업,항공운송
65e912c3bb908e26c803e0aa,2021,전남,111180.296,운송업,육상운송
65e912c3bb908e26c803e0ab,2021,전북,2011688.655,쇼핑업,관광기념품
65e912c3bb908e26c803e0ac,2021,전북,92183726.689,쇼핑업,레저용품쇼핑
65e912c3bb908e26c803e0ad,2021,전북,107300713.075,쇼핑업,대형쇼핑몰
65e912c3bb908e26c803e0ae,2021,전북,972320.416,숙박업,호텔
65e912c3bb908e26c803e0af,2021,전북,24042898.22,숙박업,기타숙박
65e912c3bb908e26c803e0b0,2021,전북,7264842.191,숙박업,콘도
65e912c3bb908e26c803e0b1,2021,전북,266475.89,숙박업,캠핑장/펜션
65e912c3bb908e26c803e0b2,2021,전북,418711890.211,식음료업,식음료
65e912c3bb908e26c803e0b3,2021,전북,1724988.094,여가서비스업,관광유원시설
65e912c3bb908e26c803e0b4,2021,전북,74615249.97,여가서비스업,골프장
65e912c3bb908e26c803e0b5,2021,전북,5989847.679,여가서비스업,기타레저
65e912c3bb908e26c803e0b6,2021,전북,5018585.799,여가서비스업,문화서비스
65e912c3bb908e26c803e0b7,2021,전북,83589.472,여행업,여행업
65e912c3bb908e26c803e0b8,2021,전북,239277.358,운송업,렌터카
65e912c3bb908e26c803e0b9,2021,전북,11623.995,운송업,수상운송
65e912c3bb908e26c803e0ba,2021,전북,77275.9,운송업,항공운송
65e912c3bb908e26c803e0bb,2021,전북,26533.78,운송업,육상운송
65e912c3bb908e26c803e0bc,2021,제주,199260790.048,쇼핑업,면세점
65e912c3bb908e26c803e0bd,2021,제주,23258136.294,쇼핑업,관광기념품
65e912c3bb908e26c803e0be,2021,제주,45953675.22,쇼핑업,레저용품쇼핑
65e912c3bb908e26c803e0bf,2021,제주,30098957.05,쇼핑업,대형쇼핑몰
65e912c3bb908e26c803e0c0,2021,제주,61106999.421,숙박업,호텔
65e912c3bb908e26c803e0c1,2021,제주,47344803.487,숙박업,콘도
65e912c3bb908e26c803e0c2,2021,제주,533311.921,숙박업,캠핑장/펜션
65e912c3bb908e26c803e0c3,2021,제주,41296997.811,숙박업,기타숙박
65e912c3bb908e26c803e0c4,2021,제주,431513072.698,식음료업,식음료
65e912c3bb908e26c803e0c5,2021,제주,7654313.8,여가서비스업,관광유원시설
65e912c3bb908e26c803e0c6,2021,제주,73523381.503,여가서비스업,골프장
65e912c3bb908e26c803e0c7,2021,제주,4426230.002,여가서비스업,기타레저
65e912c3bb908e26c803e0c8,2021,제주,10389810.007,여가서비스업,문화서비스
65e912c3bb908e26c803e0c9,2021,제주,3349353.527,여행업,여행업
65e912c3bb908e26c803e0ca,2021,제주,2889300.6,운송업,수상운송
65e912c3bb908e26c803e0cb,2021,제주,22761523.138,운송업,항공운송
65e912c3bb908e26c803e0cc,2021,제주,29988440.01,운송업,렌터카
65e912c3bb908e26c803e0cd,2021,제주,163061.008,운송업,육상운송
65e912c3bb908e26c803e0ce,2021,충남,1369105.446,쇼핑업,관광기념품
65e912c3bb908e26c803e0cf,2021,충남,83966007.997,쇼핑업,레저용품쇼핑
65e912c3bb908e26c803e0d0,2021,충남,180141127.17,쇼핑업,대형쇼핑몰
65e912c3bb908e26c803e0d1,2021,충남,3149351.007,숙박업,호텔
65e912c3bb908e26c803e0d2,2021,충남,10441961.213,숙박업,콘도
65e912c3bb908e26c803e0d3,2021,충남,1168330.15,숙박업,캠핑장/펜션
65e912c3bb908e26c803e0d4,2021,충남,31507475.206,숙박업,기타숙박
65e912c3bb908e26c803e0d5,2021,충남,601975115.925,식음료업,식음료
65e912c3bb908e26c803e0d6,2021,충남,1804425.374,여가서비스업,관광유원시설
65e912c3bb908e26c803e0d7,2021,충남,73167931.981,여가서비스업,골프장
65e912c3bb908e26c803e0d8,2021,충남,7789175.24,여가서비스업,기타레저
65e912c3bb908e26c803e0d9,2021,충남,4792161.595,여가서비스업,문화서비스
65e912c3bb908e26c803e0da,2021,충남,53936.86,여행업,여행업
65e912c3bb908e26c803e0db,2021,충남,243385.192,운송업,렌터카
65e912c3bb908e26c803e0dc,2021,충남,429264,운송업,수상운송
65e912c3bb908e26c803e0dd,2021,충남,45659.811,운송업,육상운송
65e912c3bb908e26c803e0de,2021,충북,1484339.153,쇼핑업,관광기념품
65e912c3bb908e26c803e0df,2021,충북,74068860.719,쇼핑업,레저용품쇼핑
65e912c3bb908e26c803e0e0,2021,충북,149592831.307,쇼핑업,대형쇼핑몰
65e912c3bb908e26c803e0e1,2021,충북,0,쇼핑업,면세점
65e912c3bb908e26c803e0e2,2021,충북,191357.905,숙박업,캠핑장/펜션
65e912c3bb908e26c803e0e3,2021,충북,22837699.066,숙박업,기타숙박
65e912c3bb908e26c803e0e4,2021,충북,1479592.105,숙박업,호텔
65e912c3bb908e26c803e0e5,2021,충북,6401233.492,숙박업,콘도
65e912c3bb908e26c803e0e6,2021,충북,475833817.223,식음료업,식음료
65e912c3bb908e26c803e0e7,2021,충북,2505152.251,여가서비스업,관광유원시설
65e912c3bb908e26c803e0e8,2021,충북,156240978.177,여가서비스업,골프장
65e912c3bb908e26c803e0e9,2021,충북,6744979.745,여가서비스업,기타레저
65e912c3bb908e26c803e0ea,2021,충북,5365242.624,여가서비스업,문화서비스
65e912c3bb908e26c803e0eb,2021,충북,52324.3,여행업,여행업
65e912c3bb908e26c803e0ec,2021,충북,1341923.75,운송업,항공운송
65e912c3bb908e26c803e0ed,2021,충북,246595.596,운송업,렌터카
65e912c3bb908e26c803e0ee,2021,충북,553395.096,운송업,수상운송
65e912c3bb908e26c803e0ef,2021,충북,6300.856,운송업,육상운송
65e912c3bb908e26c803e0f0,2022,강원,3695500.928,쇼핑업,관광기념품
65e912c3bb908e26c803e0f1,2022,강원,84548093.471,쇼핑업,레저용품쇼핑
65e912c3bb908e26c803e0f2,2022,강원,86467788.311,쇼핑업,대형쇼핑몰
65e912c3bb908e26c803e0f3,2022,강원,94932.5,쇼핑업,면세점
65e912c3bb908e26c803e0f4,2022,강원,41602993.679,숙박업,호텔
65e912c3bb908e26c803e0f5,2022,강원,106354887.271,숙박업,콘도
65e912c3bb908e26c803e0f6,2022,강원,1690902.749,숙박업,캠핑장/펜션
65e912c3bb908e26c803e0f7,2022,강원,62939477.59,숙박업,기타숙박
65e912c3bb908e26c803e0f8,2022,강원,740365129.978,식음료업,식음료
65e912c3bb908e26c803e0f9,2022,강원,14893905.325,여가서비스업,관광유원시설
65e912c3bb908e26c803e0fa,2022,강원,185013988.831,여가서비스업,골프장
65e912c3bb908e26c803e0fb,2022,강원,11250568.698,여가서비스업,기타레저
65e912c3bb908e26c803e0fc,2022,강원,18399494.82,여가서비스업,문화서비스
65e912c3bb908e26c803e0fd,2022,강원,5696512.087,여가서비스업,스키장
65e912c3bb908e26c803e0fe,2022,강원,4422254.278,여행업,여행업
65e912c3bb908e26c803e0ff,2022,강원,456570.441,운송업,수상운송
65e912c3bb908e26c803e100,2022,강원,357686.874,운송업,렌터카
65e912c3bb908e26c803e101,2022,강원,15829.8,운송업,항공운송
65e912c3bb908e26c803e102,2022,강원,347440.825,운송업,육상운송
65e912c3bb908e26c803e103,2022,경기,10994244.83,쇼핑업,관광기념품
65e912c3bb908e26c803e104,2022,경기,499831693.182,쇼핑업,레저용품쇼핑
65e912c3bb908e26c803e105,2022,경기,3107645345.701,쇼핑업,대형쇼핑몰
65e912c3bb908e26c803e106,2022,경기,3077.4,쇼핑업,면세점
65e912c3bb908e26c803e107,2022,경기,147959870.189,숙박업,기타숙박
65e912c3bb908e26c803e108,2022,경기,18070189.736,숙박업,호텔
65e912c3bb908e26c803e109,2022,경기,2937661.605,숙박업,캠핑장/펜션
65e912c3bb908e26c803e10a,2022,경기,5717934.421,숙박업,콘도
65e912c3bb908e26c803e10b,2022,경기,4570038790.528,식음료업,식음료
65e912c3bb908e26c803e10c,2022,경기,24166451.016,여가서비스업,관광유원시설
65e912c3bb908e26c803e10d,2022,경기,731186592.202,여가서비스업,골프장
65e912c3bb908e26c803e10e,2022,경기,66985756.42,여가서비스업,기타레저
65e912c3bb908e26c803e10f,2022,경기,120933653.675,여가서비스업,문화서비스
65e912c3bb908e26c803e110,2022,경기,8524082.941,여가서비스업,스키장
65e912c3bb908e26c803e111,2022,경기,1733243.509,여행업,여행업
65e912c3bb908e26c803e112,2022,경기,73995859.595,운송업,렌터카
65e912c3bb908e26c803e113,2022,경기,56395186.509,운송업,육상운송
65e912c3bb908e26c803e114,2022,경기,923104.286,운송업,수상운송
65e912c3bb908e26c803e115,2022,경남,3725289.753,쇼핑업,관광기념품
65e912c3bb908e26c803e116,2022,경남,118672301.564,쇼핑업,레저용품쇼핑
65e912c3bb908e26c803e117,2022,경남,274508258.207,쇼핑업,대형쇼핑몰
65e912c3bb908e26c803e118,2022,경남,5456.35,쇼핑업,면세점
65e912c3bb908e26c803e119,2022,경남,1248628.287,숙박업,캠핑장/펜션
65e912c3bb908e26c803e11a,2022,경남,43773172.384,숙박업,기타숙박
65e912c3bb908e26c803e11b,2022,경남,6142019.327,숙박업,호텔
65e912c3bb908e26c803e11c,2022,경남,16310986.983,숙박업,콘도
65e912c3bb908e26c803e11d,2022,경남,860322669.382,식음료업,식음료
65e912c3bb908e26c803e11e,2022,경남,4238992.003,여가서비스업,관광유원시설
65e912c3bb908e26c803e11f,2022,경남,183154181.163,여가서비스업,골프장
65e912c3bb908e26c803e120,2022,경남,13654963.295,여가서비스업,기타레저
65e912c3bb908e26c803e121,2022,경남,13969734.53,여가서비스업,문화서비스
65e912c3bb908e26c803e122,2022,경남,331725.01,여행업,여행업
65e912c3bb908e26c803e123,2022,경남,39980.919,운송업,육상운송
65e912c3bb908e26c803e124,2022,경남,583396.092,운송업,렌터카
65e912c3bb908e26c803e125,2022,경남,1225225.827,운송업,수상운송
65e912c3bb908e26c803e126,2022,경남,7596.2,운송업,항공운송
65e912c3bb908e26c803e127,2022,경북,3298638.529,쇼핑업,관광기념품
65e912c3bb908e26c803e128,2022,경북,114561456.953,쇼핑업,레저용품쇼핑
65e912c3bb908e26c803e129,2022,경북,120023261.008,쇼핑업,대형쇼핑몰
65e912c3bb908e26c803e12a,2022,경북,19000306.235,숙박업,호텔
65e912c3bb908e26c803e12b,2022,경북,1448837.992,숙박업,캠핑장/펜션
65e912c3bb908e26c803e12c,2022,경북,36919798.245,숙박업,기타숙박
65e912c3bb908e26c803e12d,2022,경북,15399349.963,숙박업,콘도
65e912c3bb908e26c803e12e,2022,경북,734175868.079,식음료업,식음료
65e912c3bb908e26c803e12f,2022,경북,3892855.828,여가서비스업,관광유원시설
65e912c3bb908e26c803e130,2022,경북,182040713.42,여가서비스업,골프장
65e912c3bb908e26c803e131,2022,경북,13512956.899,여가서비스업,기타레저
65e912c3bb908e26c803e132,2022,경북,10959134.137,여가서비스업,문화서비스
65e912c3bb908e26c803e133,2022,경북,320815.114,여행업,여행업
65e912c3bb908e26c803e134,2022,경북,971791.36,운송업,수상운송
65e912c3bb908e26c803e135,2022,경북,709959.673,운송업,렌터카
65e912c3bb908e26c803e136,2022,경북,29110.21,운송업,육상운송
65e912c3bb908e26c803e137,2022,광주,834409.353,쇼핑업,관광기념품
65e912c3bb908e26c803e138,2022,광주,80549304.998,쇼핑업,레저용품쇼핑
65e912c3bb908e26c803e139,2022,광주,333837614.993,쇼핑업,대형쇼핑몰
65e912c3bb908e26c803e13a,2022,광주,1450659.795,숙박업,호텔
65e912c3bb908e26c803e13b,2022,광주,17006525.491,숙박업,기타숙박
65e912c3bb908e26c803e13c,2022,광주,232,숙박업,캠핑장/펜션
65e912c3bb908e26c803e13d,2022,광주,472138459.751,식음료업,식음료
65e912c3bb908e26c803e13e,2022,광주,2846903.9,여가서비스업,관광유원시설
65e912c3bb908e26c803e13f,2022,광주,23920221.465,여가서비스업,골프장
65e912c3bb908e26c803e140,2022,광주,6184661.191,여가서비스업,기타레저
65e912c3bb908e26c803e141,2022,광주,7361851.133,여가서비스업,문화서비스
65e912c3bb908e26c803e142,2022,광주,247758.271,여행업,여행업
65e912c3bb908e26c803e143,2022,광주,122448.511,운송업,육상운송
65e912c3bb908e26c803e144,2022,광주,396621.605,운송업,렌터카
65e912c3bb908e26c803e145,2022,광주,454105.35,운송업,항공운송
65e912c3bb908e26c803e146,2022,대구,1319470.034,쇼핑업,관광기념품
65e912c3bb908e26c803e147,2022,대구,100934226.059,쇼핑업,레저용품쇼핑
65e912c3bb908e26c803e148,2022,대구,780487577.592,쇼핑업,대형쇼핑몰
65e912c3bb908e26c803e149,2022,대구,227650.75,쇼핑업,면세점
65e912c3bb908e26c803e14a,2022,대구,16452172.99,숙박업,호텔
65e912c3bb908e26c803e14b,2022,대구,25425430.449,숙박업,기타숙박
65e912c3bb908e26c803e14c,2022,대구,13792.48,숙박업,캠핑장/펜션
65e912c3bb908e26c803e14d,2022,대구,6592.1,숙박업,콘도
65e912c3bb908e26c803e14e,2022,대구,783636614.682,식음료업,식음료
65e912c3bb908e26c803e14f,2022,대구,3240628.18,여가서비스업,관광유원시설
65e912c3bb908e26c803e150,2022,대구,45053885.84,여가서비스업,골프장
65e912c3bb908e26c803e151,2022,대구,19149068.497,여가서비스업,기타레저
65e912c3bb908e26c803e152,2022,대구,10469090.686,여가서비스업,문화서비스
65e912c3bb908e26c803e153,2022,대구,660,여가서비스업,스키장
65e912c3bb908e26c803e154,2022,대구,175741.82,여행업,여행업
65e912c3bb908e26c803e155,2022,대구,785180.17,운송업,항공운송
65e912c3bb908e26c803e156,2022,대구,654637.81,운송업,렌터카
65e912c3bb908e26c803e157,2022,대구,14737.62,운송업,육상운송
65e912c3bb908e26c803e158,2022,대전,816634.794,쇼핑업,관광기념품
65e912c3bb908e26c803e159,2022,대전,34173725.13,쇼핑업,레저용품쇼핑
65e912c3bb908e26c803e15a,2022,대전,427227124.42,쇼핑업,대형쇼핑몰
65e912c3bb908e26c803e15b,2022,대전,6619060.729,숙박업,호텔
65e912c3bb908e26c803e15c,2022,대전,5202.3,숙박업,캠핑장/펜션
65e912c3bb908e26c803e15d,2022,대전,13950997.37,숙박업,기타숙박
65e912c3bb908e26c803e15e,2022,대전,2220,숙박업,콘도
65e912c3bb908e26c803e15f,2022,대전,391869048,식음료업,식음료
65e912c3bb908e26c803e160,2022,대전,1761078.423,여가서비스업,관광유원시설
65e912c3bb908e26c803e161,2022,대전,14400095.659,여가서비스업,골프장
65e912c3bb908e26c803e162,2022,대전,3496345.72,여가서비스업,기타레저
65e912c3bb908e26c803e163,2022,대전,5896188.195,여가서비스업,문화서비스
65e912c3bb908e26c803e164,2022,대전,74384.029,여행업,여행업
65e912c3bb908e26c803e165,2022,대전,597782400.11,운송업,육상운송
65e912c3bb908e26c803e166,2022,대전,4564,운송업,수상운송
65e912c3bb908e26c803e167,2022,대전,424275.355,운송업,렌터카
65e912c3bb908e26c803e168,2022,부산,6897661.223,쇼핑업,면세점
65e912c3bb908e26c803e169,2022,부산,4022389.334,쇼핑업,관광기념품
65e912c3bb908e26c803e16a,2022,부산,103999732.351,쇼핑업,레저용품쇼핑
65e912c3bb908e26c803e16b,2022,부산,1176442248.936,쇼핑업,대형쇼핑몰
65e912c3bb908e26c803e16c,2022,부산,67223712.268,숙박업,호텔
65e912c3bb908e26c803e16d,2022,부산,55227943.043,숙박업,기타숙박
65e912c3bb908e26c803e16e,2022,부산,158019.87,숙박업,캠핑장/펜션
65e912c3bb908e26c803e16f,2022,부산,7078309.978,숙박업,콘도
65e912c3bb908e26c803e170,2022,부산,1421835089.663,식음료업,식음료
65e912c3bb908e26c803e171,2022,부산,11315022.901,여가서비스업,관광유원시설
65e912c3bb908e26c803e172,2022,부산,68126297.285,여가서비스업,골프장
65e912c3bb908e26c803e173,2022,부산,23547241.543,여가서비스업,기타레저
65e912c3bb908e26c803e174,2022,부산,17022833.741,여가서비스업,문화서비스
65e912c3bb908e26c803e175,2022,부산,1488558.89,여행업,여행업
65e912c3bb908e26c803e176,2022,부산,2803822.37,운송업,수상운송
65e912c3bb908e26c803e177,2022,부산,1515934.476,운송업,렌터카
65e912c3bb908e26c803e178,2022,부산,71373050.56,운송업,항공운송
65e912c3bb908e26c803e179,2022,부산,171925,운송업,육상운송
65e912c3bb908e26c803e17a,2022,서울,44846859.267,쇼핑업,면세점
65e912c3bb908e26c803e17b,2022,서울,15920367.177,쇼핑업,관광기념품
65e912c3bb908e26c803e17c,2022,서울,501505901.664,쇼핑업,레저용품쇼핑
65e912c3bb908e26c803e17d,2022,서울,3312120563.621,쇼핑업,대형쇼핑몰
65e912c3bb908e26c803e17e,2022,서울,303057671.295,숙박업,호텔
65e912c3bb908e26c803e17f,2022,서울,138067722.499,숙박업,기타숙박
65e912c3bb908e26c803e180,2022,서울,1331055.212,숙박업,콘도
65e912c3bb908e26c803e181,2022,서울,103404.01,숙박업,캠핑장/펜션
65e912c3bb908e26c803e182,2022,서울,6338725016.812,식음료업,식음료
65e912c3bb908e26c803e183,2022,서울,45588186.198,여가서비스업,관광유원시설
65e912c3bb908e26c803e184,2022,서울,129135323.2,여가서비스업,골프장
65e912c3bb908e26c803e185,2022,서울,67668169.115,여가서비스업,기타레저
65e912c3bb908e26c803e186,2022,서울,201299167.678,여가서비스업,문화서비스
65e912c3bb908e26c803e187,2022,서울,2635574.431,여가서비스업,스키장
65e912c3bb908e26c803e188,2022,서울,36675734.36,여행업,여행업
65e912c3bb908e26c803e189,2022,서울,402357705.537,운송업,항공운송
65e912c3bb908e26c803e18a,2022,서울,7734383.118,운송업,렌터카
65e912c3bb908e26c803e18b,2022,서울,350172534.017,운송업,육상운송
65e912c3bb908e26c803e18c,2022,서울,80163111.19,운송업,수상운송
65e912c3bb908e26c803e18d,2022,세종,32289.2,쇼핑업,관광기념품
65e912c3bb908e26c803e18e,2022,세종,5831146.069,쇼핑업,레저용품쇼핑
65e912c3bb908e26c803e18f,2022,세종,11296357.79,쇼핑업,대형쇼핑몰
65e912c3bb908e26c803e190,2022,세종,5113.1,숙박업,캠핑장/펜션
65e912c3bb908e26c803e191,2022,세종,2127863.439,숙박업,기타숙박
65e912c3bb908e26c803e192,2022,세종,67453150.18,식음료업,식음료
65e912c3bb908e26c803e193,2022,세종,108643.033,여가서비스업,관광유원시설
65e912c3bb908e26c803e194,2022,세종,10951896.498,여가서비스업,골프장
65e912c3bb908e26c803e195,2022,세종,1352378.278,여가서비스업,기타레저
65e912c3bb908e26c803e196,2022,세종,1329636.776,여가서비스업,문화서비스
65e912c3bb908e26c803e197,2022,세종,2280,여행업,여행업
65e912c3bb908e26c803e198,2022,세종,10164.69,운송업,육상운송
65e912c3bb908e26c803e199,2022,세종,18309.39,운송업,렌터카
65e912c3bb908e26c803e19a,2022,울산,729739.202,쇼핑업,관광기념품
65e912c3bb908e26c803e19b,2022,울산,36447916.579,쇼핑업,레저용품쇼핑
65e912c3bb908e26c803e19c,2022,울산,119119254.881,쇼핑업,대형쇼핑몰
65e912c3bb908e26c803e19d,2022,울산,3579,쇼핑업,면세점
65e912c3bb908e26c803e19e,2022,울산,13642922.337,숙박업,기타숙박
65e912c3bb908e26c803e19f,2022,울산,5091156.88,숙박업,호텔
65e912c3bb908e26c803e1a0,2022,울산,84249.2,숙박업,캠핑장/펜션
65e912c3bb908e26c803e1a1,2022,울산,20293.85,숙박업,콘도
65e912c3bb908e26c803e1a2,2022,울산,335137286.622,식음료업,식음료
65e912c3bb908e26c803e1a3,2022,울산,424780.163,여가서비스업,관광유원시설
65e912c3bb908e26c803e1a4,2022,울산,33491906.914,여가서비스업,골프장
65e912c3bb908e26c803e1a5,2022,울산,4819480.662,여가서비스업,기타레저
65e912c3bb908e26c803e1a6,2022,울산,4008040.994,여가서비스업,문화서비스
65e912c3bb908e26c803e1a7,2022,울산,77618.811,여행업,여행업
65e912c3bb908e26c803e1a8,2022,울산,63779.591,운송업,육상운송
65e912c3bb908e26c803e1a9,2022,울산,0,운송업,수상운송
65e912c3bb908e26c803e1aa,2022,울산,329668.554,운송업,렌터카
65e912c3bb908e26c803e1ab,2022,울산,81303.1,운송업,항공운송
65e912c3bb908e26c803e1ac,2022,인천,80324281.83,쇼핑업,면세점
65e912c3bb908e26c803e1ad,2022,인천,1550396.928,쇼핑업,관광기념품
65e912c3bb908e26c803e1ae,2022,인천,112344101.354,쇼핑업,레저용품쇼핑
65e912c3bb908e26c803e1af,2022,인천,419558547.726,쇼핑업,대형쇼핑몰
65e912c3bb908e26c803e1b0,2022,인천,33302767.419,숙박업,호텔
65e912c3bb908e26c803e1b1,2022,인천,598409.682,숙박업,콘도
65e912c3bb908e26c803e1b2,2022,인천,639876.297,숙박업,캠핑장/펜션
65e912c3bb908e26c803e1b3,2022,인천,34109157.941,숙박업,기타숙박
65e912c3bb908e26c803e1b4,2022,인천,935716587.604,식음료업,식음료
65e912c3bb908e26c803e1b5,2022,인천,4147912.743,여가서비스업,관광유원시설
65e912c3bb908e26c803e1b6,2022,인천,74241591.054,여가서비스업,골프장
65e912c3bb908e26c803e1b7,2022,인천,13537071.729,여가서비스업,기타레저
65e912c3bb908e26c803e1b8,2022,인천,13274796.61,여가서비스업,문화서비스
65e912c3bb908e26c803e1b9,2022,인천,399477.3,여행업,여행업
65e912c3bb908e26c803e1ba,2022,인천,7271819.275,운송업,수상운송
65e912c3bb908e26c803e1bb,2022,인천,22776401.252,운송업,항공운송
65e912c3bb908e26c803e1bc,2022,인천,559935.203,운송업,렌터카
65e912c3bb908e26c803e1bd,2022,인천,434834.31,운송업,육상운송
65e912c3bb908e26c803e1be,2022,전남,2424505.707,쇼핑업,관광기념품
65e912c3bb908e26c803e1bf,2022,전남,72018377.741,쇼핑업,레저용품쇼핑
65e912c3bb908e26c803e1c0,2022,전남,99004818.483,쇼핑업,대형쇼핑몰
65e912c3bb908e26c803e1c1,2022,전남,51645.993,쇼핑업,면세점
65e912c3bb908e26c803e1c2,2022,전남,5547115.531,숙박업,호텔
65e912c3bb908e26c803e1c3,2022,전남,52487091.034,숙박업,기타숙박
65e912c3bb908e26c803e1c4,2022,전남,13515293.502,숙박업,콘도
65e912c3bb908e26c803e1c5,2022,전남,841726.452,숙박업,캠핑장/펜션
65e912c3bb908e26c803e1c6,2022,전남,542733323.337,식음료업,식음료
65e912c3bb908e26c803e1c7,2022,전남,16838169.542,여가서비스업,관광유원시설
65e912c3bb908e26c803e1c8,2022,전남,132076460.009,여가서비스업,골프장
65e912c3bb908e26c803e1c9,2022,전남,7352620.416,여가서비스업,기타레저
65e912c3bb908e26c803e1ca,2022,전남,11514010.736,여가서비스업,문화서비스
65e912c3bb908e26c803e1cb,2022,전남,605903,여행업,여행업
65e912c3bb908e26c803e1cc,2022,전남,522869.784,운송업,렌터카
65e912c3bb908e26c803e1cd,2022,전남,639737.09,운송업,수상운송
65e912c3bb908e26c803e1ce,2022,전남,93887.7,운송업,항공운송
65e912c3bb908e26c803e1cf,2022,전남,44912.12,운송업,육상운송
65e912c3bb908e26c803e1d0,2022,전북,2023383.54,쇼핑업,관광기념품
65e912c3bb908e26c803e1d1,2022,전북,85718363.177,쇼핑업,레저용품쇼핑
65e912c3bb908e26c803e1d2,2022,전북,106294323.409,쇼핑업,대형쇼핑몰
65e912c3bb908e26c803e1d3,2022,전북,1162651.196,숙박업,호텔
65e912c3bb908e26c803e1d4,2022,전북,26862834.574,숙박업,기타숙박
65e912c3bb908e26c803e1d5,2022,전북,11660034.352,숙박업,콘도
65e912c3bb908e26c803e1d6,2022,전북,303186.359,숙박업,캠핑장/펜션
65e912c3bb908e26c803e1d7,2022,전북,463960785.393,식음료업,식음료
65e912c3bb908e26c803e1d8,2022,전북,2001431.27,여가서비스업,관광유원시설
65e912c3bb908e26c803e1d9,2022,전북,79338833.87,여가서비스업,골프장
65e912c3bb908e26c803e1da,2022,전북,6462188.962,여가서비스업,기타레저
65e912c3bb908e26c803e1db,2022,전북,7273651.391,여가서비스업,문화서비스
65e912c3bb908e26c803e1dc,2022,전북,125360.384,여행업,여행업
65e912c3bb908e26c803e1dd,2022,전북,235633.786,운송업,렌터카
65e912c3bb908e26c803e1de,2022,전북,51561.9,운송업,항공운송
65e912c3bb908e26c803e1df,2022,전북,26487.85,운송업,육상운송
65e912c3bb908e26c803e1e0,2022,전북,14224.9,운송업,수상운송
65e912c3bb908e26c803e1e1,2022,제주,214151038.693,쇼핑업,면세점
65e912c3bb908e26c803e1e2,2022,제주,36678419.198,쇼핑업,관광기념품
65e912c3bb908e26c803e1e3,2022,제주,48144624.643,쇼핑업,레저용품쇼핑
65e912c3bb908e26c803e1e4,2022,제주,38157981.748,쇼핑업,대형쇼핑몰
65e912c3bb908e26c803e1e5,2022,제주,91571313.588,숙박업,호텔
65e912c3bb908e26c803e1e6,2022,제주,60505637.368,숙박업,콘도
65e912c3bb908e26c803e1e7,2022,제주,520336.092,숙박업,캠핑장/펜션
65e912c3bb908e26c803e1e8,2022,제주,46937186.745,숙박업,기타숙박
65e912c3bb908e26c803e1e9,2022,제주,512775532.002,식음료업,식음료
65e912c3bb908e26c803e1ea,2022,제주,9695421.542,여가서비스업,관광유원시설
65e912c3bb908e26c803e1eb,2022,제주,83644470.44,여가서비스업,골프장
65e912c3bb908e26c803e1ec,2022,제주,5599913.196,여가서비스업,기타레저
65e912c3bb908e26c803e1ed,2022,제주,14419039.839,여가서비스업,문화서비스
65e912c3bb908e26c803e1ee,2022,제주,5000,여가서비스업,카지노
65e912c3bb908e26c803e1ef,2022,제주,5565902.347,여행업,여행업
65e912c3bb908e26c803e1f0,2022,제주,5069726.791,운송업,수상운송
65e912c3bb908e26c803e1f1,2022,제주,44527311.109,운송업,항공운송
65e912c3bb908e26c803e1f2,2022,제주,24036367.821,운송업,렌터카
65e912c3bb908e26c803e1f3,2022,제주,265662,운송업,육상운송
65e912c3bb908e26c803e1f4,2022,충남,1816711.134,쇼핑업,관광기념품
65e912c3bb908e26c803e1f5,2022,충남,91260591.996,쇼핑업,레저용품쇼핑
65e912c3bb908e26c803e1f6,2022,충남,217538336.82,쇼핑업,대형쇼핑몰
65e912c3bb908e26c803e1f7,2022,충남,4927498.485,숙박업,호텔
65e912c3bb908e26c803e1f8,2022,충남,22059809.303,숙박업,콘도
65e912c3bb908e26c803e1f9,2022,충남,1288809.793,숙박업,캠핑장/펜션
65e912c3bb908e26c803e1fa,2022,충남,34585149.418,숙박업,기타숙박
65e912c3bb908e26c803e1fb,2022,충남,706798699.202,식음료업,식음료
65e912c3bb908e26c803e1fc,2022,충남,2115298.854,여가서비스업,관광유원시설
65e912c3bb908e26c803e1fd,2022,충남,79801470.775,여가서비스업,골프장
65e912c3bb908e26c803e1fe,2022,충남,9262277.85,여가서비스업,기타레저
65e912c3bb908e26c803e1ff,2022,충남,7469624.794,여가서비스업,문화서비스
65e912c3bb908e26c803e200,2022,충남,129068.092,여행업,여행업
65e912c3bb908e26c803e201,2022,충남,177485.718,운송업,렌터카
65e912c3bb908e26c803e202,2022,충남,501652.476,운송업,수상운송
65e912c3bb908e26c803e203,2022,충남,80238.185,운송업,육상운송
65e912c3bb908e26c803e204,2022,충북,1589819.349,쇼핑업,관광기념품
65e912c3bb908e26c803e205,2022,충북,78582132.809,쇼핑업,레저용품쇼핑
65e912c3bb908e26c803e206,2022,충북,156926589.438,쇼핑업,대형쇼핑몰
65e912c3bb908e26c803e207,2022,충북,240984.508,숙박업,캠핑장/펜션
65e912c3bb908e26c803e208,2022,충북,22834034.52,숙박업,기타숙박
65e912c3bb908e26c803e209,2022,충북,2488331.313,숙박업,호텔
65e912c3bb908e26c803e20a,2022,충북,12883136.608,숙박업,콘도
65e912c3bb908e26c803e20b,2022,충북,573877029.743,식음료업,식음료
65e912c3bb908e26c803e20c,2022,충북,2891247.168,여가서비스업,관광유원시설
65e912c3bb908e26c803e20d,2022,충북,164635543.031,여가서비스업,골프장
65e912c3bb908e26c803e20e,2022,충북,7608252.175,여가서비스업,기타레저
65e912c3bb908e26c803e20f,2022,충북,8752070.102,여가서비스업,문화서비스
65e912c3bb908e26c803e210,2022,충북,114203.226,여행업,여행업
65e912c3bb908e26c803e211,2022,충북,1302830.05,운송업,항공운송
65e912c3bb908e26c803e212,2022,충북,231505.781,운송업,렌터카
65e912c3bb908e26c803e213,2022,충북,1047402.6,운송업,수상운송
65e912c3bb908e26c803e214,2022,충북,18635.61,운송업,육상운송
65e912c3bb908e26c803e215,2023,강원,3670483.932,쇼핑업,관광기념품
65e912c3bb908e26c803e216,2023,강원,81341432.075,쇼핑업,레저용품쇼핑
65e912c3bb908e26c803e217,2023,강원,80087671.01,쇼핑업,대형쇼핑몰
65e912c3bb908e26c803e218,2023,강원,152330.08,쇼핑업,면세점
65e912c3bb908e26c803e219,2023,강원,43582265.251,숙박업,호텔
65e912c3bb908e26c803e21a,2023,강원,97060125.486,숙박업,콘도
65e912c3bb908e26c803e21b,2023,강원,1655586.278,숙박업,캠핑장/펜션
65e912c3bb908e26c803e21c,2023,강원,60051584.32,숙박업,기타숙박
65e912c3bb908e26c803e21d,2023,강원,747498758.258,식음료업,식음료
65e912c3bb908e26c803e21e,2023,강원,12077367.923,여가서비스업,관광유원시설
65e912c3bb908e26c803e21f,2023,강원,167771059.72,여가서비스업,골프장
65e912c3bb908e26c803e220,2023,강원,9655260.629,여가서비스업,기타레저
65e912c3bb908e26c803e221,2023,강원,17640031.309,여가서비스업,문화서비스
65e912c3bb908e26c803e222,2023,강원,7150788.228,여가서비스업,스키장
65e912c3bb908e26c803e223,2023,강원,2674230.764,여행업,여행업
65e912c3bb908e26c803e224,2023,강원,533167.831,운송업,수상운송
65e912c3bb908e26c803e225,2023,강원,295652.386,운송업,렌터카
65e912c3bb908e26c803e226,2023,강원,200,운송업,항공운송
65e912c3bb908e26c803e227,2023,강원,402470.471,운송업,육상운송
65e912c3bb908e26c803e228,2023,경기,11002993.229,쇼핑업,관광기념품
65e912c3bb908e26c803e229,2023,경기,447958784.955,쇼핑업,레저용품쇼핑
65e912c3bb908e26c803e22a,2023,경기,3068337299.469,쇼핑업,대형쇼핑몰
65e912c3bb908e26c803e22b,2023,경기,8963699.85,쇼핑업,면세점
65e912c3bb908e26c803e22c,2023,경기,139082724.88,숙박업,기타숙박
65e912c3bb908e26c803e22d,2023,경기,23373344.644,숙박업,호텔
65e912c3bb908e26c803e22e,2023,경기,6842765.796,숙박업,콘도
65e912c3bb908e26c803e22f,2023,경기,3144953.796,숙박업,캠핑장/펜션
65e912c3bb908e26c803e230,2023,경기,4873005887.61,식음료업,식음료
65e912c3bb908e26c803e231,2023,경기,24263917.349,여가서비스업,관광유원시설
65e912c3bb908e26c803e232,2023,경기,694898862.131,여가서비스업,골프장
65e912c3bb908e26c803e233,2023,경기,72201816.342,여가서비스업,기타레저
65e912c3bb908e26c803e234,2023,경기,123639839.376,여가서비스업,문화서비스
65e912c3bb908e26c803e235,2023,경기,6193724.865,여가서비스업,스키장
65e912c3bb908e26c803e236,2023,경기,2381819.694,여행업,여행업
65e912c3bb908e26c803e237,2023,경기,69630505.557,운송업,렌터카
65e912c3bb908e26c803e238,2023,경기,66920575.569,운송업,육상운송
65e912c3bb908e26c803e239,2023,경기,826095.34,운송업,수상운송
65e912c3bb908e26c803e23a,2023,경기,143386.742,운송업,항공운송
65e912c3bb908e26c803e23b,2023,경남,110693969.042,쇼핑업,레저용품쇼핑
65e912c3bb908e26c803e23c,2023,경남,271632506.542,쇼핑업,대형쇼핑몰
65e912c3bb908e26c803e23d,2023,경남,3764919.493,쇼핑업,관광기념품
65e912c3bb908e26c803e23e,2023,경남,5628.94,쇼핑업,면세점
65e912c3bb908e26c803e23f,2023,경남,41285244.023,숙박업,기타숙박
65e912c3bb908e26c803e240,2023,경남,5915153.332,숙박업,호텔
65e912c3bb908e26c803e241,2023,경남,16133886.693,숙박업,콘도
65e912c3bb908e26c803e242,2023,경남,1281250.628,숙박업,캠핑장/펜션
65e912c3bb908e26c803e243,2023,경남,918251586.259,식음료업,식음료
65e912c3bb908e26c803e244,2023,경남,4413237.23,여가서비스업,관광유원시설
65e912c3bb908e26c803e245,2023,경남,170295112.691,여가서비스업,골프장
65e912c3bb908e26c803e246,2023,경남,13961543.788,여가서비스업,기타레저
65e912c3bb908e26c803e247,2023,경남,13619142.728,여가서비스업,문화서비스
65e912c3bb908e26c803e248,2023,경남,366194.705,여행업,여행업
65e912c3bb908e26c803e249,2023,경남,48266.787,운송업,육상운송
65e912c3bb908e26c803e24a,2023,경남,565800.985,운송업,렌터카
65e912c3bb908e26c803e24b,2023,경남,1322782.122,운송업,수상운송
65e912c3bb908e26c803e24c,2023,경남,0,운송업,항공운송
65e912c3bb908e26c803e24d,2023,경북,3521366.893,쇼핑업,관광기념품
65e912c3bb908e26c803e24e,2023,경북,108323626.376,쇼핑업,레저용품쇼핑
65e912c3bb908e26c803e24f,2023,경북,116502937.015,쇼핑업,대형쇼핑몰
65e912c3bb908e26c803e250,2023,경북,17434224.575,숙박업,호텔
65e912c3bb908e26c803e251,2023,경북,1494305.25,숙박업,캠핑장/펜션
65e912c3bb908e26c803e252,2023,경북,36921920.969,숙박업,기타숙박
65e912c3bb908e26c803e253,2023,경북,16168848.236,숙박업,콘도
65e912c3bb908e26c803e254,2023,경북,786647327.696,식음료업,식음료
65e912c3bb908e26c803e255,2023,경북,3529630.744,여가서비스업,관광유원시설
65e912c3bb908e26c803e256,2023,경북,169570679.822,여가서비스업,골프장
65e912c3bb908e26c803e257,2023,경북,13626330.257,여가서비스업,기타레저
65e912c3bb908e26c803e258,2023,경북,8871067.44,여가서비스업,문화서비스
65e912c3bb908e26c803e259,2023,경북,405292.59,여행업,여행업
65e912c3bb908e26c803e25a,2023,경북,1127173.908,운송업,수상운송
65e912c3bb908e26c803e25b,2023,경북,39571.58,운송업,육상운송
65e912c3bb908e26c803e25c,2023,경북,471746.265,운송업,렌터카
65e912c3bb908e26c803e25d,2023,광주,1088820.542,쇼핑업,관광기념품
65e912c3bb908e26c803e25e,2023,광주,67581013.418,쇼핑업,레저용품쇼핑
65e912c3bb908e26c803e25f,2023,광주,317136631.798,쇼핑업,대형쇼핑몰
65e912c3bb908e26c803e260,2023,광주,1298605.114,숙박업,호텔
65e912c3bb908e26c803e261,2023,광주,15605027.178,숙박업,기타숙박
65e912c3bb908e26c803e262,2023,광주,978,숙박업,캠핑장/펜션
65e912c3bb908e26c803e263,2023,광주,513004715.124,식음료업,식음료
65e912c3bb908e26c803e264,2023,광주,2437147.377,여가서비스업,관광유원시설
65e912c3bb908e26c803e265,2023,광주,24233797.404,여가서비스업,골프장
65e912c3bb908e26c803e266,2023,광주,6584488.577,여가서비스업,기타레저
65e912c3bb908e26c803e267,2023,광주,6404807.95,여가서비스업,문화서비스
65e912c3bb908e26c803e268,2023,광주,594230.811,여행업,여행업
65e912c3bb908e26c803e269,2023,광주,131799.201,운송업,육상운송
65e912c3bb908e26c803e26a,2023,광주,367083.888,운송업,렌터카
65e912c3bb908e26c803e26b,2023,광주,0,운송업,항공운송
65e912c3bb908e26c803e26c,2023,대구,2514514.22,쇼핑업,면세점
65e912c3bb908e26c803e26d,2023,대구,1949680.484,쇼핑업,관광기념품
65e912c3bb908e26c803e26e,2023,대구,100087459.034,쇼핑업,레저용품쇼핑
65e912c3bb908e26c803e26f,2023,대구,784187295.394,쇼핑업,대형쇼핑몰
65e912c3bb908e26c803e270,2023,대구,17904337.784,숙박업,호텔
65e912c3bb908e26c803e271,2023,대구,25062414.897,숙박업,기타숙박
65e912c3bb908e26c803e272,2023,대구,19415.1,숙박업,캠핑장/펜션
65e912c3bb908e26c803e273,2023,대구,23201,숙박업,콘도
65e912c3bb908e26c803e274,2023,대구,868102529.549,식음료업,식음료
65e912c3bb908e26c803e275,2023,대구,3955199.285,여가서비스업,관광유원시설
65e912c3bb908e26c803e276,2023,대구,48379160.197,여가서비스업,골프장
65e912c3bb908e26c803e277,2023,대구,20635415.004,여가서비스업,기타레저
65e912c3bb908e26c803e278,2023,대구,9746052.025,여가서비스업,문화서비스
65e912c3bb908e26c803e279,2023,대구,2426,여가서비스업,스키장
65e912c3bb908e26c803e27a,2023,대구,661186.81,여행업,여행업
65e912c3bb908e26c803e27b,2023,대구,44010740.086,운송업,항공운송
65e912c3bb908e26c803e27c,2023,대구,578540.626,운송업,렌터카
65e912c3bb908e26c803e27d,2023,대구,13878.501,운송업,육상운송
65e912c3bb908e26c803e27e,2023,대전,956296.319,쇼핑업,관광기념품
65e912c3bb908e26c803e27f,2023,대전,39443866.272,쇼핑업,레저용품쇼핑
65e912c3bb908e26c803e280,2023,대전,415579603.423,쇼핑업,대형쇼핑몰
65e912c3bb908e26c803e281,2023,대전,7178294.929,숙박업,호텔
65e912c3bb908e26c803e282,2023,대전,8953.5,숙박업,캠핑장/펜션
65e912c3bb908e26c803e283,2023,대전,13930671.32,숙박업,기타숙박
65e912c3bb908e26c803e284,2023,대전,3328,숙박업,콘도
65e912c3bb908e26c803e285,2023,대전,498375947.976,식음료업,식음료
65e912c3bb908e26c803e286,2023,대전,1988892.047,여가서비스업,관광유원시설
65e912c3bb908e26c803e287,2023,대전,14922421.15,여가서비스업,골프장
65e912c3bb908e26c803e288,2023,대전,4547607.539,여가서비스업,기타레저
65e912c3bb908e26c803e289,2023,대전,5879937.513,여가서비스업,문화서비스
65e912c3bb908e26c803e28a,2023,대전,166182.816,여행업,여행업
65e912c3bb908e26c803e28b,2023,대전,718178326.91,운송업,육상운송
65e912c3bb908e26c803e28c,2023,대전,8149.1,운송업,수상운송
65e912c3bb908e26c803e28d,2023,대전,263978.843,운송업,렌터카
65e912c3bb908e26c803e28e,2023,부산,27275795.259,쇼핑업,면세점
65e912c3bb908e26c803e28f,2023,부산,4205524.691,쇼핑업,관광기념품
65e912c3bb908e26c803e290,2023,부산,94793053.156,쇼핑업,레저용품쇼핑
65e912c3bb908e26c803e291,2023,부산,1169067651.959,쇼핑업,대형쇼핑몰
65e912c3bb908e26c803e292,2023,부산,63226187.037,숙박업,호텔
65e912c3bb908e26c803e293,2023,부산,6447510.455,숙박업,콘도
65e912c3bb908e26c803e294,2023,부산,54561224.547,숙박업,기타숙박
65e912c3bb908e26c803e295,2023,부산,89444.26,숙박업,캠핑장/펜션
65e912c3bb908e26c803e296,2023,부산,1572064934.149,식음료업,식음료
65e912c3bb908e26c803e297,2023,부산,65297132.541,여가서비스업,골프장
65e912c3bb908e26c803e298,2023,부산,24681204.508,여가서비스업,기타레저
65e912c3bb908e26c803e299,2023,부산,14593595.197,여가서비스업,문화서비스
65e912c3bb908e26c803e29a,2023,부산,9351184.258,여가서비스업,관광유원시설
65e912c3bb908e26c803e29b,2023,부산,2195870.378,여행업,여행업
65e912c3bb908e26c803e29c,2023,부산,3563801.662,운송업,수상운송
65e912c3bb908e26c803e29d,2023,부산,1259174.308,운송업,렌터카
65e912c3bb908e26c803e29e,2023,부산,83228205.873,운송업,항공운송
65e912c3bb908e26c803e29f,2023,부산,143324.2,운송업,육상운송
65e912c3bb908e26c803e2a0,2023,서울,127629362.373,쇼핑업,면세점
65e912c3bb908e26c803e2a1,2023,서울,15731811.459,쇼핑업,관광기념품
65e912c3bb908e26c803e2a2,2023,서울,471045549.335,쇼핑업,레저용품쇼핑
65e912c3bb908e26c803e2a3,2023,서울,3153516344.056,쇼핑업,대형쇼핑몰
65e912c3bb908e26c803e2a4,2023,서울,266500970.058,숙박업,호텔
65e912c3bb908e26c803e2a5,2023,서울,127227258.094,숙박업,기타숙박
65e912c3bb908e26c803e2a6,2023,서울,1564855.7,숙박업,콘도
65e912c3bb908e26c803e2a7,2023,서울,111216,숙박업,캠핑장/펜션
65e912c3bb908e26c803e2a8,2023,서울,6706265829.65,식음료업,식음료
65e912c3bb908e26c803e2a9,2023,서울,45385299.286,여가서비스업,관광유원시설
65e912c3bb908e26c803e2aa,2023,서울,122719454.431,여가서비스업,골프장
65e912c3bb908e26c803e2ab,2023,서울,71772011.121,여가서비스업,기타레저
65e912c3bb908e26c803e2ac,2023,서울,207844695.894,여가서비스업,문화서비스
65e912c3bb908e26c803e2ad,2023,서울,2582541.516,여가서비스업,스키장
65e912c3bb908e26c803e2ae,2023,서울,105513858.207,여행업,여행업
65e912c3bb908e26c803e2af,2023,서울,612583949.624,운송업,항공운송
65e912c3bb908e26c803e2b0,2023,서울,392582366.121,운송업,육상운송
65e912c3bb908e26c803e2b1,2023,서울,7160816.725,운송업,렌터카
65e912c3bb908e26c803e2b2,2023,서울,62459852.737,운송업,수상운송
65e912c3bb908e26c803e2b3,2023,세종,53061.85,쇼핑업,관광기념품
65e912c3bb908e26c803e2b4,2023,세종,5732427.314,쇼핑업,레저용품쇼핑
65e912c3bb908e26c803e2b5,2023,세종,11238104.69,쇼핑업,대형쇼핑몰
65e912c3bb908e26c803e2b6,2023,세종,6983.7,숙박업,캠핑장/펜션
65e912c3bb908e26c803e2b7,2023,세종,2547456.119,숙박업,기타숙박
65e912c3bb908e26c803e2b8,2023,세종,72094989.998,식음료업,식음료
65e912c3bb908e26c803e2b9,2023,세종,152933.52,여가서비스업,관광유원시설
65e912c3bb908e26c803e2ba,2023,세종,10259639.786,여가서비스업,골프장
65e912c3bb908e26c803e2bb,2023,세종,1524149.194,여가서비스업,기타레저
65e912c3bb908e26c803e2bc,2023,세종,1311950.471,여가서비스업,문화서비스
65e912c3bb908e26c803e2bd,2023,세종,4282.1,여행업,여행업
65e912c3bb908e26c803e2be,2023,세종,7893.62,운송업,육상운송
65e912c3bb908e26c803e2bf,2023,세종,12962.988,운송업,렌터카
65e912c3bb908e26c803e2c0,2023,울산,673582.786,쇼핑업,관광기념품
65e912c3bb908e26c803e2c1,2023,울산,34453301.862,쇼핑업,레저용품쇼핑
65e912c3bb908e26c803e2c2,2023,울산,113940821.098,쇼핑업,대형쇼핑몰
65e912c3bb908e26c803e2c3,2023,울산,5495.1,쇼핑업,면세점
65e912c3bb908e26c803e2c4,2023,울산,12999364.201,숙박업,기타숙박
65e912c3bb908e26c803e2c5,2023,울산,4779648.893,숙박업,호텔
65e912c3bb908e26c803e2c6,2023,울산,22920.976,숙박업,콘도
65e912c3bb908e26c803e2c7,2023,울산,102604.35,숙박업,캠핑장/펜션
65e912c3bb908e26c803e2c8,2023,울산,364185078.749,식음료업,식음료
65e912c3bb908e26c803e2c9,2023,울산,445514.485,여가서비스업,관광유원시설
65e912c3bb908e26c803e2ca,2023,울산,32387791.406,여가서비스업,골프장
65e912c3bb908e26c803e2cb,2023,울산,5078701.672,여가서비스업,기타레저
65e912c3bb908e26c803e2cc,2023,울산,3836328.196,여가서비스업,문화서비스
65e912c3bb908e26c803e2cd,2023,울산,193475.494,여행업,여행업
65e912c3bb908e26c803e2ce,2023,울산,100091.575,운송업,육상운송
65e912c3bb908e26c803e2cf,2023,울산,335727.235,운송업,렌터카
65e912c3bb908e26c803e2d0,2023,울산,0,운송업,항공운송
65e912c3bb908e26c803e2d1,2023,인천,192300158.884,쇼핑업,면세점
65e912c3bb908e26c803e2d2,2023,인천,1809399.401,쇼핑업,관광기념품
65e912c3bb908e26c803e2d3,2023,인천,111758854.42,쇼핑업,레저용품쇼핑
65e912c3bb908e26c803e2d4,2023,인천,402476344.439,쇼핑업,대형쇼핑몰
65e912c3bb908e26c803e2d5,2023,인천,35353867.251,숙박업,호텔
65e912c3bb908e26c803e2d6,2023,인천,760975.331,숙박업,콘도
65e912c3bb908e26c803e2d7,2023,인천,729657.166,숙박업,캠핑장/펜션
65e912c3bb908e26c803e2d8,2023,인천,31930207.229,숙박업,기타숙박
65e912c3bb908e26c803e2d9,2023,인천,1094968276.271,식음료업,식음료
65e912c3bb908e26c803e2da,2023,인천,4511676.107,여가서비스업,관광유원시설
65e912c3bb908e26c803e2db,2023,인천,70424522.388,여가서비스업,골프장
65e912c3bb908e26c803e2dc,2023,인천,15072953.961,여가서비스업,기타레저
65e912c3bb908e26c803e2dd,2023,인천,13229231.801,여가서비스업,문화서비스
65e912c3bb908e26c803e2de,2023,인천,330271.627,여행업,여행업
65e912c3bb908e26c803e2df,2023,인천,7101631.012,운송업,수상운송
65e912c3bb908e26c803e2e0,2023,인천,29819865.587,운송업,항공운송
65e912c3bb908e26c803e2e1,2023,인천,583213.928,운송업,렌터카
65e912c3bb908e26c803e2e2,2023,인천,774903.46,운송업,육상운송
65e912c3bb908e26c803e2e3,2023,전남,2295197.657,쇼핑업,관광기념품
65e912c3bb908e26c803e2e4,2023,전남,67032227.589,쇼핑업,레저용품쇼핑
65e912c3bb908e26c803e2e5,2023,전남,111098565.951,쇼핑업,대형쇼핑몰
65e912c3bb908e26c803e2e6,2023,전남,361599.108,쇼핑업,면세점
65e912c3bb908e26c803e2e7,2023,전남,5632965.241,숙박업,호텔
65e912c3bb908e26c803e2e8,2023,전남,50959246.48,숙박업,기타숙박
65e912c3bb908e26c803e2e9,2023,전남,12574442.303,숙박업,콘도
65e912c3bb908e26c803e2ea,2023,전남,811042.388,숙박업,캠핑장/펜션
65e912c3bb908e26c803e2eb,2023,전남,590045442.701,식음료업,식음료
65e912c3bb908e26c803e2ec,2023,전남,16196572.783,여가서비스업,관광유원시설
65e912c3bb908e26c803e2ed,2023,전남,119609408.029,여가서비스업,골프장
65e912c3bb908e26c803e2ee,2023,전남,8225371.734,여가서비스업,기타레저
65e912c3bb908e26c803e2ef,2023,전남,10228751.5,여가서비스업,문화서비스
65e912c3bb908e26c803e2f0,2023,전남,658270.81,여행업,여행업
65e912c3bb908e26c803e2f1,2023,전남,799814.573,운송업,수상운송
65e912c3bb908e26c803e2f2,2023,전남,512689.34,운송업,렌터카
65e912c3bb908e26c803e2f3,2023,전남,0,운송업,항공운송
65e912c3bb908e26c803e2f4,2023,전남,94224.54,운송업,육상운송
65e912c3bb908e26c803e2f5,2023,전북,1786679.864,쇼핑업,관광기념품
65e912c3bb908e26c803e2f6,2023,전북,67303105.2,쇼핑업,레저용품쇼핑
65e912c3bb908e26c803e2f7,2023,전북,91135797.007,쇼핑업,대형쇼핑몰
65e912c3bb908e26c803e2f8,2023,전북,1166.29,쇼핑업,면세점
65e912c3bb908e26c803e2f9,2023,전북,1055614.612,숙박업,호텔
65e912c3bb908e26c803e2fa,2023,전북,25740470.679,숙박업,기타숙박
65e912c3bb908e26c803e2fb,2023,전북,332288.363,숙박업,캠핑장/펜션
65e912c3bb908e26c803e2fc,2023,전북,11511886.535,숙박업,콘도
65e912c3bb908e26c803e2fd,2023,전북,451751749.917,식음료업,식음료
65e912c3bb908e26c803e2fe,2023,전북,1527014.65,여가서비스업,관광유원시설
65e912c3bb908e26c803e2ff,2023,전북,61797374.008,여가서비스업,골프장
65e912c3bb908e26c803e300,2023,전북,5049977.234,여가서비스업,기타레저
65e912c3bb908e26c803e301,2023,전북,6095244.102,여가서비스업,문화서비스
65e912c3bb908e26c803e302,2023,전북,299956.199,여행업,여행업
65e912c3bb908e26c803e303,2023,전북,282984.788,운송업,렌터카
65e912c3bb908e26c803e304,2023,전북,2871322.37,운송업,항공운송
65e912c3bb908e26c803e305,2023,전북,25140.97,운송업,육상운송
65e912c3bb908e26c803e306,2023,전북,65623.96,운송업,수상운송
65e912c3bb908e26c803e307,2023,제주,166688862.453,쇼핑업,면세점
65e912c3bb908e26c803e308,2023,제주,33533509.484,쇼핑업,관광기념품
65e912c3bb908e26c803e309,2023,제주,41834718.947,쇼핑업,레저용품쇼핑
65e912c3bb908e26c803e30a,2023,제주,33180910.924,쇼핑업,대형쇼핑몰
65e912c3bb908e26c803e30b,2023,제주,64426817.563,숙박업,호텔
65e912c3bb908e26c803e30c,2023,제주,44304482.436,숙박업,콘도
65e912c3bb908e26c803e30d,2023,제주,398277.585,숙박업,캠핑장/펜션
65e912c3bb908e26c803e30e,2023,제주,43071366.715,숙박업,기타숙박
65e912c3bb908e26c803e30f,2023,제주,453698021.585,식음료업,식음료
65e912c3bb908e26c803e310,2023,제주,9146127.271,여가서비스업,관광유원시설
65e912c3bb908e26c803e311,2023,제주,68113805.542,여가서비스업,골프장
65e912c3bb908e26c803e312,2023,제주,5308634.685,여가서비스업,기타레저
65e912c3bb908e26c803e313,2023,제주,13973565.587,여가서비스업,문화서비스
65e912c3bb908e26c803e314,2023,제주,0,여가서비스업,카지노
65e912c3bb908e26c803e315,2023,제주,5793445.23,여행업,여행업
65e912c3bb908e26c803e316,2023,제주,5151234.088,운송업,수상운송
65e912c3bb908e26c803e317,2023,제주,65233550.018,운송업,항공운송
65e912c3bb908e26c803e318,2023,제주,15755189.524,운송업,렌터카
65e912c3bb908e26c803e319,2023,제주,189073.01,운송업,육상운송
65e912c3bb908e26c803e31a,2023,충남,1876526.371,쇼핑업,관광기념품
65e912c3bb908e26c803e31b,2023,충남,91839005.787,쇼핑업,레저용품쇼핑
65e912c3bb908e26c803e31c,2023,충남,214586474.453,쇼핑업,대형쇼핑몰
65e912c3bb908e26c803e31d,2023,충남,6655701.245,숙박업,호텔
65e912c3bb908e26c803e31e,2023,충남,23108185.722,숙박업,콘도
65e912c3bb908e26c803e31f,2023,충남,1259102.408,숙박업,캠핑장/펜션
65e912c3bb908e26c803e320,2023,충남,34293686.071,숙박업,기타숙박
65e912c3bb908e26c803e321,2023,충남,749769391.122,식음료업,식음료
65e912c3bb908e26c803e322,2023,충남,2107079.652,여가서비스업,관광유원시설
65e912c3bb908e26c803e323,2023,충남,74410236.536,여가서비스업,골프장
65e912c3bb908e26c803e324,2023,충남,10038263.475,여가서비스업,기타레저
65e912c3bb908e26c803e325,2023,충남,7330450.458,여가서비스업,문화서비스
65e912c3bb908e26c803e326,2023,충남,123499.14,여행업,여행업
65e912c3bb908e26c803e327,2023,충남,192694.186,운송업,렌터카
65e912c3bb908e26c803e328,2023,충남,488515.38,운송업,수상운송
65e912c3bb908e26c803e329,2023,충남,100335.001,운송업,육상운송
65e912c3bb908e26c803e32a,2023,충북,1537528.691,쇼핑업,관광기념품
65e912c3bb908e26c803e32b,2023,충북,74184705.62,쇼핑업,레저용품쇼핑
65e912c3bb908e26c803e32c,2023,충북,154313343.734,쇼핑업,대형쇼핑몰
65e912c3bb908e26c803e32d,2023,충북,506134.734,쇼핑업,면세점
65e912c3bb908e26c803e32e,2023,충북,271051.58,숙박업,캠핑장/펜션
65e912c3bb908e26c803e32f,2023,충북,23069023.993,숙박업,기타숙박
65e912c3bb908e26c803e330,2023,충북,2831645.433,숙박업,호텔
65e912c3bb908e26c803e331,2023,충북,13900484.519,숙박업,콘도
65e912c3bb908e26c803e332,2023,충북,614247963.553,식음료업,식음료
65e912c3bb908e26c803e333,2023,충북,3169483.261,여가서비스업,관광유원시설
65e912c3bb908e26c803e334,2023,충북,153832282.657,여가서비스업,골프장
65e912c3bb908e26c803e335,2023,충북,7676579.41,여가서비스업,기타레저
65e912c3bb908e26c803e336,2023,충북,8087872.952,여가서비스업,문화서비스
65e912c3bb908e26c803e337,2023,충북,239750.647,여행업,여행업
65e912c3bb908e26c803e338,2023,충북,51903.2,운송업,항공운송
65e912c3bb908e26c803e339,2023,충북,258969.997,운송업,렌터카
65e912c3bb908e26c803e33a,2023,충북,1114636.95,운송업,수상운송
65e912c3bb908e26c803e33b,2023,충북,30247.52,운송업,육상운송
